-- phpMyAdmin SQL Dump
-- version 5.0.2
-- https://www.phpmyadmin.net/
--
-- Host: 127.0.0.1
-- Tempo de geração: 27-Jul-2020 às 00:39
-- Versão do servidor: 10.4.11-MariaDB
-- versão do PHP: 7.4.6

SET SQL_MODE = "NO_AUTO_VALUE_ON_ZERO";
START TRANSACTION;
SET time_zone = "+00:00";


/*!40101 SET @OLD_CHARACTER_SET_CLIENT=@@CHARACTER_SET_CLIENT */;
/*!40101 SET @OLD_CHARACTER_SET_RESULTS=@@CHARACTER_SET_RESULTS */;
/*!40101 SET @OLD_COLLATION_CONNECTION=@@COLLATION_CONNECTION */;
/*!40101 SET NAMES utf8mb4 */;

--
-- Banco de dados: `loteria`
--

-- --------------------------------------------------------

--
-- Estrutura da tabela `jogo_cinco`
--

CREATE TABLE `jogo_cinco` (
  `id` int(11) NOT NULL,
  `id_users` int(11) NOT NULL,
  `status` int(11) NOT NULL,
  `codigo` varchar(125) COLLATE utf8_bin NOT NULL,
  `num_dois` int(11) NOT NULL,
  `num_tres` int(11) NOT NULL,
  `num_quatro` int(11) NOT NULL,
  `num_cinco` int(11) NOT NULL,
  `num_um` int(11) NOT NULL
) ENGINE=InnoDB DEFAULT CHARSET=utf8 COLLATE=utf8_bin;

--
-- Extraindo dados da tabela `jogo_cinco`
--

INSERT INTO `jogo_cinco` (`id`, `id_users`, `status`, `codigo`, `num_dois`, `num_tres`, `num_quatro`, `num_cinco`, `num_um`) VALUES
(1, 3, 1, 'JNqtcyq8ZZADDXrS2', 12, 18, 19, 24, 11),
(2, 3, 1, 'hUw8Okn4vBrKhewlf', 11, 18, 19, 24, 5),
(3, 3, 1, 'wEBa16YHS6qYbaM3I', 7, 13, 17, 19, 5),
(4, 3, 1, 'MrsAr5ZNjPqNqDvXj', 7, 13, 17, 19, 5),
(5, 3, 1, 'YaArNkPJjozZQhYO0', 12, 14, 17, 21, 4),
(6, 3, 1, 'hv3TjWatuMgOhrt2f', 4, 11, 12, 13, 3),
(7, 3, 1, 'CA77ZtRCqnjGkZrwV', 10, 13, 15, 17, 5),
(8, 3, 1, 'FvANlaYAj3prieTLH', 10, 18, 20, 24, 5),
(9, 3, 1, 'qC1uFwArIc2CiuQgm', 4, 10, 12, 16, 1),
(10, 3, 1, 'ABmNLfmotApYIuxgK', 13, 19, 22, 24, 6),
(11, 3, 1, 'DpTpYWz5yMK240wRA', 11, 18, 21, 25, 4),
(12, 3, 1, 'JrjelVih2XW42SdgZ', 10, 12, 17, 18, 2),
(13, 3, 1, '44lk2uhEP5lia6utX', 13, 18, 23, 25, 5),
(14, 3, 1, 'dcMsRDKonwP0N0HRo', 10, 11, 13, 18, 5),
(15, 3, 1, 'dRRWN8sTd1VfYXMEm', 4, 11, 12, 13, 3),
(16, 3, 1, 'KtaHCQZRRAuIEfQGR', 11, 17, 18, 23, 10),
(17, 3, 1, 'bVp4WcgcMoGdjcbwh', 17, 18, 23, 24, 12),
(18, 3, 1, '04YdKKRO1i2aVgQvr', 13, 19, 20, 25, 12),
(19, 3, 1, 'X2AOSBBq5dSwE0VGZ', 13, 18, 19, 20, 5),
(20, 3, 1, 'NGBTJX0KfLlj8Otym', 3, 12, 20, 25, 2),
(21, 3, 1, 'QWJE6wAlo1Rpj2aEn', 7, 13, 19, 20, 6),
(22, 3, 1, 'KGOXEcOr7DHEpMxwG', 16, 17, 18, 23, 10),
(23, 3, 1, 'QgWeEMYYTEcpjBEjk', 11, 18, 23, 24, 3),
(24, 3, 1, 'L4GcpSuXLwUJ4y2fl', 10, 11, 17, 20, 3),
(25, 3, 1, '5Jg6qjFuK1EhOGMlF', 12, 17, 19, 23, 4),
(26, 3, 1, 'lKpu1Whj91HojcTKF', 12, 17, 19, 23, 4),
(27, 3, 1, '7Xf95tzc9Ici7xXwl', 12, 17, 19, 23, 4),
(28, 3, 1, 'LkVAIAQ5xvpmk5weu', 12, 17, 19, 23, 4),
(29, 3, 1, 'vA6gSDzJUoUF0SKCp', 11, 12, 13, 17, 7),
(30, 3, 1, '5qUzavrQBao6dSyqf', 11, 12, 13, 17, 7),
(31, 3, 1, '5IEAtSold8ufs10sQ', 11, 12, 13, 17, 7),
(32, 3, 1, 'mXbF7th8FdE4WbK1K', 11, 12, 13, 17, 7),
(33, 3, 1, 'XmHnAtKpsfZ18dOgx', 7, 11, 18, 23, 4),
(34, 3, 1, 'h6iKzggU94TXqDXX2', 11, 16, 17, 18, 3),
(35, 3, 1, 'ETJXgzz6tUXgeEBxG', 11, 16, 17, 18, 3),
(36, 3, 1, 'ZVVsw3zE3zX3q3jsY', 11, 12, 13, 19, 4),
(37, 3, 1, 'DCudNLs774gySqYe0', 12, 13, 14, 18, 6),
(38, 3, 1, 'kRAS2ETue7sfcPxkQ', 11, 12, 18, 24, 7),
(39, 3, 1, 'GcRKYro07U5G1jzaE', 6, 12, 19, 24, 5),
(40, 3, 1, 'SzR4N9qqjskPDvAHb', 5, 6, 19, 24, 4),
(41, 3, 1, 'X16OOYFGWt97wBT1s', 10, 11, 18, 20, 5),
(42, 3, 1, 'bfZZ77rKX9WpLQbnu', 14, 18, 20, 24, 11),
(43, 3, 1, 'gV7k0VVtZoVdcRtwE', 12, 13, 20, 25, 5);

-- --------------------------------------------------------

--
-- Estrutura da tabela `jogo_quatros`
--

CREATE TABLE `jogo_quatros` (
  `id` int(11) NOT NULL,
  `id_users` int(11) NOT NULL,
  `status` int(11) NOT NULL,
  `num_um` int(11) NOT NULL,
  `num_dois` int(11) NOT NULL,
  `num_tres` int(11) NOT NULL,
  `num_quatro` int(11) NOT NULL,
  `codigo` varchar(125) COLLATE utf8_bin NOT NULL
) ENGINE=InnoDB DEFAULT CHARSET=utf8 COLLATE=utf8_bin;

--
-- Extraindo dados da tabela `jogo_quatros`
--

INSERT INTO `jogo_quatros` (`id`, `id_users`, `status`, `num_um`, `num_dois`, `num_tres`, `num_quatro`, `codigo`) VALUES
(43, 2, 1, 1, 7, 15, 25, 'HD2fJ1UqOYIhPhjZg'),
(44, 2, 1, 5, 9, 17, 25, 'hV0RB423Wu3p48QXy'),
(45, 2, 1, 1, 9, 17, 25, '75ukDI1Ny9EpV7CGh'),
(46, 2, 1, 5, 9, 15, 23, 'GAdliyvigbb9NBTO5'),
(47, 2, 1, 9, 19, 21, 25, 'Cely1C97UWg8ojJtR'),
(48, 2, 1, 3, 7, 17, 19, 'LHZMMLQRn3vXshXVh'),
(49, 2, 1, 7, 13, 21, 23, 'TBp08UFRE0gzqwBlt'),
(50, 2, 1, 11, 13, 21, 25, 'eBzGoG6BrrXumsmz2'),
(51, 2, 1, 9, 17, 21, 23, 'Fp8TMr3SIJEvxof5J'),
(52, 2, 1, 3, 9, 15, 23, 'ahtbvGPaUC87QsNwo'),
(53, 2, 1, 3, 15, 17, 21, '9DYXbEryA0mOOs7mg'),
(54, 2, 1, 1, 15, 17, 21, 'GgFnbCTDOgNdP8YC3'),
(55, 2, 1, 9, 15, 21, 25, 'zpVVmdonT2bql109P'),
(56, 2, 1, 1, 5, 15, 23, 'dxPhjlhINIOkB5bfV'),
(57, 2, 1, 1, 7, 15, 23, 'vXtzvlJz3uQLutOYs'),
(58, 2, 1, 1, 7, 23, 25, 'G7kMiVLezt2yZjTsN'),
(59, 2, 1, 7, 9, 13, 25, '7RVCJM4fEUikn1Vcs'),
(60, 2, 1, 3, 9, 15, 23, 'xpxNQhOKALg4dhqsI'),
(61, 2, 1, 1, 15, 19, 23, 'hqyWQQzANGydtv8sg'),
(62, 2, 1, 9, 13, 17, 25, 'kkf72h06m4J4MkfLi'),
(63, 2, 1, 1, 11, 17, 25, 'p5Cc2tZ5wOlHLM6or'),
(64, 2, 1, 9, 11, 21, 23, 'iVLJB8HhFmTY5wkQg'),
(65, 2, 1, 13, 21, 23, 25, 'jteGNYFZgJ1nkTtI1'),
(66, 2, 1, 5, 9, 19, 23, 'btUZwhQfOytZhei3R'),
(67, 2, 1, 13, 21, 23, 25, '2LPNo44Wj8KSnV0C5'),
(68, 2, 1, 11, 13, 15, 23, 'rC35phb9I498Mmi1F'),
(69, 2, 1, 9, 11, 15, 25, 'VfQ6TW3Teg81OhtgW'),
(70, 2, 1, 5, 7, 13, 25, '37HLtGMP0F0nKDbh1'),
(71, 2, 1, 9, 11, 21, 23, 'tDxw7E17S7dR9udOH'),
(72, 2, 1, 7, 11, 21, 25, 'QEn9JqB8gIKwlbLZ8'),
(73, 2, 1, 9, 13, 23, 25, 'WJGzl4gqgXRed52ho'),
(74, 2, 1, 15, 19, 21, 25, 'Uoj132hocQ7LiH96y'),
(75, 2, 1, 3, 5, 23, 25, 'quNW6jlIzQM0tNIm3'),
(76, 2, 1, 7, 9, 23, 25, 'XFnXf7bmWWYwpUeiK'),
(77, 2, 1, 1, 11, 15, 25, 'SyScWBE9SkrhEcEmJ'),
(78, 2, 1, 9, 11, 13, 15, 'EZJx3t9Dcdhrjf85o'),
(79, 2, 1, 11, 13, 19, 25, '7YvIm8bnt1fv0nqSQ'),
(80, 2, 1, 7, 11, 13, 23, 'rtfMNIEejA0hQ8zbW'),
(81, 2, 1, 11, 19, 21, 25, 'qIrDumLytscBtFRRb'),
(82, 2, 1, 3, 5, 11, 25, 'u5prXLR3DqVourCzt'),
(83, 2, 1, 9, 11, 15, 19, 'icDMOEwpiSYbLBnr8'),
(84, 2, 1, 13, 17, 21, 25, 'kr9fpObYNGz2Bm4sG'),
(85, 2, 1, 11, 17, 21, 23, 'UYwvR7GtXGG5vaeoh'),
(86, 2, 1, 5, 13, 15, 19, 'wMKC4U5QTAaMYs2U0'),
(87, 2, 1, 1, 3, 7, 19, 'FanPteK1zcolrSIqk'),
(88, 2, 1, 11, 15, 17, 25, '8pDyWloadVuZHqTvS'),
(89, 2, 1, 7, 15, 21, 25, 'MgsC8hjtkq0FpWZBJ'),
(90, 2, 1, 9, 11, 13, 25, 'q5NSKU6LgTpS8Mieu'),
(91, 2, 1, 11, 19, 21, 23, 'yZX7MhWihZ6HL3mJo'),
(92, 2, 1, 7, 11, 23, 25, 'mV3BJs56PdNqkDWHF'),
(93, 2, 1, 9, 11, 15, 25, 'u0zkAYoEvoAsH35Vb'),
(94, 2, 1, 9, 11, 15, 25, 'oFonJizgW09WIRs5G'),
(95, 2, 1, 7, 11, 13, 21, 'sO6v24YdtE2Xkh7yC'),
(96, 2, 1, 7, 9, 23, 25, 'oCBu8ivugRGNCwlpT'),
(97, 2, 1, 7, 11, 17, 25, 'KQhtttpsPI1sG0zpt'),
(98, 2, 1, 5, 7, 9, 19, '9aXcUv5hnfWFDrXzT'),
(99, 2, 1, 7, 11, 21, 25, 'jWdzeNnAgX31wj8k6'),
(100, 2, 1, 7, 15, 17, 21, 'b4ecm16vdURKMRx0B'),
(101, 2, 1, 5, 11, 19, 25, 'KDoXaYr6Pj3NH1U0P'),
(102, 2, 1, 5, 13, 17, 19, '4DdWbRSOg1hrFs99u'),
(103, 2, 1, 5, 9, 19, 21, 'I6xMRtKLMyJWi3J64'),
(104, 2, 1, 7, 11, 17, 21, 'czPE9MB5pZnPyWRd0'),
(105, 2, 1, 11, 21, 23, 25, 'Wybt0sPemXXXJzQpR'),
(106, 2, 1, 5, 9, 17, 25, 'aLMWxfVy5OInwM45Y'),
(107, 2, 1, 3, 7, 15, 21, 'cEhMhqUkzyKaOt3cD'),
(108, 2, 1, 3, 13, 15, 23, 'BueQI5BDS4GkeRpux'),
(109, 2, 1, 7, 19, 21, 23, 'q8uMksogc8UJ4P6EU'),
(110, 2, 1, 7, 9, 19, 21, 'mSswYqJ0LbCzgKwSb'),
(111, 2, 1, 5, 7, 11, 23, '5QKXAJcHVzx7lvcff'),
(112, 2, 1, 7, 9, 11, 21, 'QEakkhkR2vhvhgbQN'),
(113, 2, 1, 5, 11, 19, 25, 'wqg8zuvSSpLpsKegI'),
(114, 2, 1, 3, 7, 9, 17, 'R9H10CI9nmcEhYVou'),
(115, 2, 1, 3, 5, 7, 17, 'gMpOnSYZjIM3nO0uK'),
(116, 2, 1, 3, 7, 17, 21, 'yntlnL1wettGIxx51'),
(117, 2, 1, 9, 15, 23, 25, 'bg9VviHQTlcVesIvF'),
(118, 2, 1, 5, 17, 21, 23, 'qxalGkXvOq1L3xXBV'),
(119, 2, 1, 3, 9, 21, 25, '5eWadv4iUZrvNyydQ'),
(120, 2, 1, 3, 7, 11, 21, 'hORjPBt7tb05hn2Et'),
(121, 2, 1, 3, 7, 9, 19, 'Ar9xXj5783o38damK'),
(122, 2, 1, 1, 5, 9, 23, 'sOU7XdvgpODESdvnd'),
(123, 2, 1, 5, 11, 21, 25, 'O8lRNbPs1caAGJcLi'),
(124, 2, 1, 5, 7, 13, 17, '5yZtLXHSntxt1JjPd'),
(125, 2, 1, 5, 11, 19, 25, '5v0y1crO0EXMgMEvm'),
(126, 2, 1, 5, 11, 19, 25, 'tYSSMhBgyEvVsf0uE'),
(127, 2, 1, 7, 11, 21, 25, 'n9aVEAduBIckZFLzE'),
(128, 2, 1, 9, 19, 21, 23, 'CQu9GjMxqIua9nL3P'),
(129, 2, 1, 7, 11, 19, 21, 'rhttuDV4iCno314ac'),
(130, 2, 1, 7, 9, 21, 25, 'iPp50c2PDlEdx2npC'),
(131, 2, 1, 3, 9, 11, 17, 'IpUWsMrgl0d3YqR6Y'),
(132, 2, 1, 7, 11, 19, 21, 'GdrkWgelhl4lZBM3l'),
(133, 2, 1, 9, 19, 21, 23, 'ZjImLQtgp9VfgeQmH'),
(134, 2, 1, 3, 5, 19, 21, 'OiHaAZlbicLci358i'),
(135, 2, 1, 3, 5, 19, 21, '5S4OZhagXUgtJNTDf'),
(136, 2, 1, 3, 5, 19, 21, 'BYE3rkb05qELM1inf'),
(137, 2, 1, 7, 9, 19, 21, 'fP5Vne6b7bCaIaqh6'),
(138, 2, 1, 7, 9, 19, 21, 'spfNMiWESws2bR48S');

-- --------------------------------------------------------

--
-- Estrutura da tabela `jogo_setes`
--

CREATE TABLE `jogo_setes` (
  `id` int(11) NOT NULL,
  `status` int(11) NOT NULL,
  `id_users` int(11) NOT NULL,
  `codigo` varchar(125) COLLATE utf8_bin NOT NULL,
  `num_dois` int(11) NOT NULL,
  `num_tres` int(11) NOT NULL,
  `num_quatro` int(11) NOT NULL,
  `num_cinco` int(11) NOT NULL,
  `num_seis` int(11) NOT NULL,
  `num_sete` int(11) NOT NULL,
  `num_um` int(11) NOT NULL
) ENGINE=InnoDB DEFAULT CHARSET=utf8 COLLATE=utf8_bin;

--
-- Extraindo dados da tabela `jogo_setes`
--

INSERT INTO `jogo_setes` (`id`, `status`, `id_users`, `codigo`, `num_dois`, `num_tres`, `num_quatro`, `num_cinco`, `num_seis`, `num_sete`, `num_um`) VALUES
(1, 1, 5, 'pdeMZBHQ64nNC13Fq', 12, 13, 17, 19, 23, 24, 11),
(2, 1, 5, 'vRBIdRXiSbTmfSc33', 12, 13, 14, 20, 21, 24, 5),
(3, 1, 5, '7GWFq3tFnBII5ov6n', 3, 5, 10, 19, 23, 24, 2),
(4, 1, 5, 'XLoLiMxhx2syYRIPo', 3, 5, 10, 19, 23, 24, 2),
(5, 1, 5, 'eyUFVBxhLVfCFrrHn', 3, 10, 11, 12, 17, 18, 2),
(6, 1, 5, 'KHuqVq2UOSvYCN0t1', 3, 10, 11, 12, 17, 18, 2),
(7, 1, 5, 'DblVJQ0MDRYhd3i1q', 3, 10, 11, 12, 17, 18, 2),
(8, 1, 5, 'TCoE0qye2ufM9qvWN', 6, 12, 13, 19, 20, 24, 5),
(9, 1, 5, 'mMEsGBd0RDIRR9tem', 12, 17, 18, 19, 23, 24, 3),
(10, 1, 5, 's8Tk7hI7Pj31lnl0J', 7, 10, 12, 13, 17, 19, 3),
(11, 1, 5, '4ID58AlUD7X8cRYnh', 7, 10, 12, 13, 17, 19, 3),
(12, 1, 5, 'QWIvKCcUEKatQ4sGC', 7, 12, 19, 20, 24, 25, 5),
(13, 1, 5, 'p9Rufkh9aVp60H2hS', 11, 13, 19, 20, 21, 25, 5),
(14, 1, 5, 'MsvAjW9anwp85F8LV', 6, 10, 12, 14, 19, 20, 5),
(15, 1, 5, 'dA9QdrfyJr0XMEpCM', 10, 11, 12, 17, 19, 23, 3),
(16, 1, 1, 'meEsXdVkESbwTSOao', 4, 10, 12, 18, 19, 24, 2),
(17, 1, 1, 'fFAnoHkjquTp38v4M', 7, 10, 12, 19, 20, 25, 5);

-- --------------------------------------------------------

--
-- Estrutura da tabela `jogo_tress`
--

CREATE TABLE `jogo_tress` (
  `id` int(11) NOT NULL,
  `status` int(11) NOT NULL,
  `codigo_jogo` varchar(125) COLLATE utf8_bin NOT NULL,
  `num_par_um` int(11) NOT NULL,
  `num_par_dois` int(11) NOT NULL,
  `num_par_tres` int(11) NOT NULL,
  `num_par_quatro` int(11) NOT NULL,
  `num_par_cinco` int(11) NOT NULL,
  `num_par_seis` int(11) NOT NULL,
  `num_impar_um` int(11) NOT NULL,
  `num_impar_dois` int(11) NOT NULL,
  `num_impar_tres` int(11) NOT NULL,
  `num_impar_quatro` int(11) NOT NULL,
  `num_impar_cinco` int(11) NOT NULL,
  `num_impar_seis` int(11) NOT NULL,
  `id_user` int(11) NOT NULL,
  `created_at` timestamp NOT NULL DEFAULT current_timestamp() ON UPDATE current_timestamp()
) ENGINE=InnoDB DEFAULT CHARSET=utf8 COLLATE=utf8_bin;

--
-- Extraindo dados da tabela `jogo_tress`
--

INSERT INTO `jogo_tress` (`id`, `status`, `codigo_jogo`, `num_par_um`, `num_par_dois`, `num_par_tres`, `num_par_quatro`, `num_par_cinco`, `num_par_seis`, `num_impar_um`, `num_impar_dois`, `num_impar_tres`, `num_impar_quatro`, `num_impar_cinco`, `num_impar_seis`, `id_user`, `created_at`) VALUES
(1, 1, 'seefasf', 8, 10, 12, 18, 22, 25, 0, 0, 0, 0, 0, 0, 1, '2020-06-19 21:43:21'),
(2, 1, 'seefa', 4, 10, 12, 16, 20, 22, 0, 0, 0, 0, 0, 0, 1, '2020-06-19 21:43:21'),
(4, 1, 'seefa234', 2, 4, 6, 8, 10, 12, 0, 0, 0, 0, 0, 0, 1, '2020-06-19 21:43:21'),
(6, 1, 'seefa23asdf4', 4, 6, 8, 10, 12, 14, 0, 0, 0, 0, 0, 0, 1, '2020-06-19 21:43:21'),
(8, 1, 'seefa2sdf4', 10, 12, 14, 16, 18, 20, 0, 0, 0, 0, 0, 0, 1, '2020-06-19 21:43:21'),
(9, 1, 'sfa2sdf4', 6, 8, 10, 12, 14, 16, 0, 0, 0, 0, 0, 0, 1, '2020-06-19 21:43:21'),
(10, 1, 'sasdffa2sdf6', 6, 8, 10, 14, 16, 20, 0, 0, 0, 0, 0, 0, 1, '2020-06-19 21:43:21'),
(11, 1, 'sasdffa2sdf9', 6, 10, 14, 16, 18, 22, 5, 9, 11, 17, 19, 23, 1, '2020-06-19 21:43:21'),
(12, 1, '0o88zTaOuotbe0GUx', 6, 8, 10, 12, 14, 16, 0, 0, 0, 0, 0, 0, 1, '2020-06-19 21:43:21'),
(13, 1, 'FNOrwVj3JQeF54wqv', 2, 8, 10, 12, 22, 24, 5, 7, 11, 15, 17, 19, 1, '2020-06-19 21:43:21'),
(14, 1, 'Iz7qc7KWAamS5HBlZ', 6, 10, 12, 16, 22, 24, 1, 9, 13, 17, 19, 25, 1, '2020-06-19 21:43:21'),
(15, 1, '9VXXGWcV6eyEwyxIb', 4, 8, 12, 16, 20, 24, 7, 11, 13, 17, 19, 25, 1, '2020-06-19 21:43:21'),
(16, 1, 'KUdNCImbB4nPa6HLs', 6, 10, 12, 16, 20, 24, 5, 7, 11, 15, 21, 23, 1, '2020-06-19 21:43:21'),
(17, 1, 'YaFcKzgbhckInsfKb', 2, 8, 12, 14, 16, 22, 7, 11, 13, 17, 19, 21, 1, '2020-06-19 21:43:21'),
(18, 1, '4zuPrzX1HfGdfWixQ', 6, 8, 14, 16, 18, 20, 7, 9, 11, 15, 17, 19, 1, '2020-06-19 21:43:41'),
(19, 1, 'J2Wb4W6yJri2UetUh', 8, 10, 12, 16, 18, 20, 9, 13, 15, 17, 21, 23, 1, '2020-06-19 21:54:37'),
(20, 1, 'jluw4ttX4Iw0s9iFP', 4, 6, 10, 14, 16, 20, 7, 9, 13, 15, 17, 21, 1, '2020-06-19 21:57:11'),
(21, 1, 'MwJK4woxj1E89BMZj', 4, 8, 10, 14, 18, 22, 9, 11, 15, 17, 21, 23, 1, '2020-06-19 22:00:14'),
(22, 1, 'ppBli7vLktTRquW4U', 6, 8, 14, 16, 18, 20, 0, 0, 0, 0, 0, 0, 1, '2020-06-19 22:06:20'),
(23, 1, 'nVqZDzWKSjNrGIzkx', 6, 8, 10, 12, 14, 16, 7, 9, 13, 15, 17, 23, 1, '2020-06-19 22:24:55'),
(24, 1, 'AubG9iq3cRN1nmqUJ', 8, 10, 14, 16, 20, 22, 1, 9, 13, 19, 21, 23, 1, '2020-06-19 22:27:24'),
(25, 1, '2RQPDrE52zcmROb9O', 8, 10, 14, 16, 22, 24, 3, 7, 11, 15, 19, 23, 1, '2020-06-19 23:00:20'),
(26, 1, 'DIfBMwQ279jjm61JA', 4, 8, 10, 12, 18, 20, 1, 7, 9, 13, 19, 25, 1, '2020-06-20 00:00:40'),
(27, 1, 'g96g38WEcq9JMDlgo', 4, 6, 8, 14, 22, 24, 3, 5, 11, 13, 21, 25, 1, '2020-06-20 00:03:50'),
(28, 1, 'RCnvtMpRT3a5wITeW', 8, 10, 12, 14, 16, 18, 9, 11, 13, 15, 17, 19, 1, '2020-06-20 13:19:25'),
(29, 1, 'ltZWM7srkSPjSVf9g', 8, 10, 14, 16, 18, 20, 7, 11, 15, 17, 19, 25, 1, '2020-06-20 18:43:48'),
(30, 1, 'hLXlI6fUyHj2qiDdm', 6, 10, 12, 16, 18, 20, 5, 7, 9, 13, 19, 21, 1, '2020-06-22 17:54:34'),
(31, 1, '4Kpuwz6tjaR0pP7Mc', 8, 10, 12, 16, 20, 22, 5, 7, 11, 13, 17, 21, 1, '2020-06-24 15:08:28'),
(32, 1, 'EyWgAIvjyMwVexETv', 6, 8, 12, 16, 22, 24, 3, 9, 11, 15, 17, 21, 1, '2020-06-24 19:07:32'),
(33, 1, 'HSkWoq9RczQ1bqwcM', 4, 8, 12, 14, 16, 18, 9, 11, 13, 17, 19, 21, 1, '2020-06-25 18:11:01'),
(34, 1, 'TK3A9kaD1Yq7QSr94', 6, 8, 12, 16, 18, 22, 5, 7, 11, 15, 17, 19, 1, '2020-06-25 21:32:06'),
(35, 1, 'LTqEO0UTq9O8PKFKn', 2, 8, 12, 14, 18, 20, 0, 0, 0, 0, 0, 0, 1, '2020-06-25 22:07:18'),
(36, 1, 'gmUbWptrABUIHmDs4', 2, 6, 10, 12, 16, 18, 1, 3, 5, 7, 9, 11, 1, '2020-06-25 22:08:02'),
(37, 1, '6XpqpZe84NkOyrZMq', 4, 10, 12, 14, 18, 22, 1, 7, 11, 13, 17, 23, 1, '2020-06-25 22:09:50'),
(38, 1, 'QzZhmPco0qTffuKSP', 4, 8, 10, 14, 16, 20, 7, 9, 11, 17, 21, 23, 1, '2020-06-26 00:56:17'),
(39, 1, 'W1VzJi87TyDdFgrmV', 2, 8, 10, 12, 16, 20, 7, 9, 13, 17, 21, 25, 1, '2020-07-19 18:53:50');

-- --------------------------------------------------------

--
-- Estrutura da tabela `lotofacils`
--

CREATE TABLE `lotofacils` (
  `id` int(11) NOT NULL,
  `um_num` int(11) NOT NULL,
  `dois_num` int(11) NOT NULL,
  `tres_num` int(11) NOT NULL,
  `quatro_num` int(11) NOT NULL,
  `cinco_num` int(11) NOT NULL,
  `seis_num` int(11) NOT NULL,
  `sete_num` int(11) NOT NULL,
  `oito_num` int(11) NOT NULL,
  `nove_num` int(11) NOT NULL,
  `dez_num` int(11) NOT NULL,
  `onze_num` int(11) NOT NULL,
  `doze_num` int(11) NOT NULL,
  `treze_num` int(11) NOT NULL,
  `quartoze_num` int(11) NOT NULL,
  `quinze_num` int(11) NOT NULL,
  `numero_concurso` int(11) NOT NULL,
  `data_sorteio` date NOT NULL,
  `acumulou` varchar(15) COLLATE utf8_bin NOT NULL,
  `premio_acumulado` varchar(15) COLLATE utf8_bin NOT NULL,
  `valor_estimado` varchar(15) COLLATE utf8_bin NOT NULL,
  `created_at` timestamp NOT NULL DEFAULT current_timestamp() ON UPDATE current_timestamp()
) ENGINE=InnoDB DEFAULT CHARSET=utf8 COLLATE=utf8_bin;

--
-- Extraindo dados da tabela `lotofacils`
--

INSERT INTO `lotofacils` (`id`, `um_num`, `dois_num`, `tres_num`, `quatro_num`, `cinco_num`, `seis_num`, `sete_num`, `oito_num`, `nove_num`, `dez_num`, `onze_num`, `doze_num`, `treze_num`, `quartoze_num`, `quinze_num`, `numero_concurso`, `data_sorteio`, `acumulou`, `premio_acumulado`, `valor_estimado`, `created_at`) VALUES
(31, 1, 3, 4, 5, 7, 10, 12, 13, 15, 16, 17, 18, 19, 22, 23, 1978, '0000-00-00', '', '2500000.00', '', '2020-06-19 23:59:55'),
(32, 1, 3, 7, 9, 10, 11, 13, 14, 15, 17, 18, 19, 20, 22, 24, 1977, '0000-00-00', '', '2500000.00', '', '2020-06-19 23:59:55'),
(33, 2, 5, 7, 8, 9, 10, 11, 12, 13, 16, 17, 20, 22, 23, 25, 1976, '0000-00-00', '', '2500000.00', '', '2020-06-19 23:59:55'),
(34, 1, 2, 4, 5, 6, 9, 10, 11, 12, 16, 20, 21, 23, 24, 25, 1975, '0000-00-00', '', '2000000.00', '', '2020-06-19 23:59:55'),
(35, 2, 3, 6, 7, 8, 9, 10, 13, 14, 16, 17, 18, 19, 23, 25, 1974, '0000-00-00', '', '2000000.00', '', '2020-06-19 23:59:55'),
(36, 3, 7, 8, 11, 12, 13, 14, 15, 16, 18, 20, 21, 22, 23, 25, 1973, '0000-00-00', '', '1800000.00', '', '2020-06-19 23:59:55'),
(37, 4, 5, 6, 9, 10, 11, 12, 13, 14, 15, 16, 18, 21, 22, 25, 1979, '2020-06-12', '0', '0,00', '2.500.000,00', '2020-06-19 23:59:55'),
(39, 3, 4, 5, 7, 9, 10, 13, 16, 17, 18, 19, 21, 22, 23, 24, 1980, '2020-06-15', '0', '0,00', '2.500.000,00', '2020-06-19 23:59:55'),
(40, 1, 2, 3, 4, 5, 6, 7, 12, 13, 15, 17, 20, 23, 24, 25, 1981, '2020-06-17', '0', '0,00', '2.500.000,00', '2020-06-19 23:59:55'),
(41, 1, 2, 3, 4, 5, 7, 14, 15, 16, 17, 18, 19, 20, 22, 25, 1982, '2020-06-19', '0', '0,00', '2.500.000,00', '2020-06-20 00:00:08'),
(42, 1, 2, 5, 6, 7, 8, 9, 10, 11, 12, 16, 19, 20, 23, 24, 1983, '2020-06-22', '0', '0,00', '2.500.000,00', '2020-06-24 19:06:22'),
(43, 2, 4, 5, 10, 11, 12, 13, 14, 16, 19, 20, 21, 23, 24, 25, 1984, '2020-06-24', '1', '1.974.410,15', '4.500.000,00', '2020-06-25 21:31:38'),
(44, 1, 2, 3, 6, 7, 9, 11, 12, 14, 15, 17, 21, 22, 23, 24, 1985, '2020-06-26', '0', '0,00', '2.500.000,00', '2020-06-29 11:15:22'),
(45, 2, 5, 6, 7, 9, 11, 12, 14, 15, 17, 19, 21, 22, 23, 24, 1988, '2020-07-03', '0', '0,00', '2.500.000,00', '2020-07-05 13:01:57'),
(46, 2, 5, 6, 7, 9, 11, 12, 14, 15, 17, 19, 21, 22, 23, 24, 1988, '2020-07-03', '0', '0,00', '2.500.000,00', '2020-07-05 13:02:37'),
(47, 1, 2, 5, 6, 7, 8, 10, 14, 15, 16, 17, 18, 20, 22, 24, 1991, '2020-07-10', '0', '0,00', '2.500.000,00', '2020-07-11 14:17:02'),
(48, 3, 4, 5, 6, 7, 8, 9, 11, 12, 17, 19, 20, 22, 24, 25, 1994, '2020-07-17', '0', '0,00', '2.500.000,00', '2020-07-19 18:52:59'),
(49, 1, 3, 5, 7, 9, 10, 11, 12, 13, 14, 18, 19, 20, 23, 25, 1995, '2020-07-20', '0', '0,00', '2.500.000,00', '2020-07-21 23:57:48'),
(50, 2, 4, 6, 7, 8, 9, 12, 13, 14, 15, 16, 18, 20, 21, 22, 1997, '2020-07-24', '0', '0,00', '2.500.000,00', '2020-07-26 15:32:05');

-- --------------------------------------------------------

--
-- Estrutura da tabela `numeros`
--

CREATE TABLE `numeros` (
  `id` int(11) NOT NULL,
  `numero` int(11) NOT NULL,
  `status` int(11) NOT NULL,
  `pares_impares` int(11) NOT NULL
) ENGINE=InnoDB DEFAULT CHARSET=utf8 COLLATE=utf8_bin;

--
-- Extraindo dados da tabela `numeros`
--

INSERT INTO `numeros` (`id`, `numero`, `status`, `pares_impares`) VALUES
(1, 1, 1, 1),
(2, 2, 1, 2),
(3, 3, 1, 1),
(4, 4, 1, 2),
(5, 5, 1, 1),
(6, 6, 1, 2),
(7, 7, 1, 1),
(8, 8, 1, 2),
(9, 9, 1, 1),
(10, 10, 1, 2),
(11, 11, 1, 1),
(12, 12, 1, 2),
(13, 13, 1, 1),
(14, 14, 1, 2),
(15, 15, 1, 1),
(16, 16, 1, 2),
(17, 17, 1, 1),
(18, 18, 1, 2),
(19, 19, 1, 1),
(20, 20, 1, 2),
(21, 21, 1, 1),
(22, 22, 1, 2),
(23, 23, 1, 1),
(24, 24, 1, 2),
(25, 25, 1, 1);

-- --------------------------------------------------------

--
-- Estrutura da tabela `temp_jogos_cinco`
--

CREATE TABLE `temp_jogos_cinco` (
  `id_users` int(11) NOT NULL,
  `status` int(11) NOT NULL,
  `num_um` int(11) NOT NULL,
  `num_dois` int(11) NOT NULL,
  `num_tres` int(11) NOT NULL,
  `num_quatro` int(11) NOT NULL,
  `num_cinco` int(11) NOT NULL,
  `num_seis` int(11) NOT NULL,
  `num_sete` int(11) NOT NULL,
  `num_oito` int(11) NOT NULL,
  `num_nove` int(11) NOT NULL,
  `num_dez` int(11) NOT NULL,
  `num_onze` int(11) NOT NULL,
  `num_doze` int(11) NOT NULL,
  `num_treze` int(11) NOT NULL,
  `num_quartoze` int(11) NOT NULL,
  `num_quinze` int(11) NOT NULL,
  `codigo` varchar(125) COLLATE utf8_bin NOT NULL,
  `id` int(11) NOT NULL
) ENGINE=InnoDB DEFAULT CHARSET=utf8 COLLATE=utf8_bin;

--
-- Extraindo dados da tabela `temp_jogos_cinco`
--

INSERT INTO `temp_jogos_cinco` (`id_users`, `status`, `num_um`, `num_dois`, `num_tres`, `num_quatro`, `num_cinco`, `num_seis`, `num_sete`, `num_oito`, `num_nove`, `num_dez`, `num_onze`, `num_doze`, `num_treze`, `num_quartoze`, `num_quinze`, `codigo`, `id`) VALUES
(2, 1, 15, 2, 5, 25, 24, 9, 6, 18, 16, 17, 7, 10, 22, 20, 8, 'hv3TjWatuMgOhrt2f', 1),
(2, 1, 21, 8, 19, 2, 23, 10, 20, 25, 9, 5, 7, 16, 17, 24, 22, 'hv3TjWatuMgOhrt2f', 2),
(2, 1, 10, 25, 2, 8, 21, 16, 7, 6, 20, 22, 23, 15, 5, 19, 18, 'hv3TjWatuMgOhrt2f', 3),
(2, 1, 21, 18, 22, 23, 2, 8, 7, 5, 15, 16, 9, 19, 25, 14, 10, 'hv3TjWatuMgOhrt2f', 4),
(2, 1, 10, 2, 14, 20, 24, 19, 7, 18, 22, 6, 17, 15, 23, 25, 8, 'hv3TjWatuMgOhrt2f', 5),
(2, 1, 22, 20, 25, 24, 23, 6, 17, 8, 10, 19, 7, 21, 18, 16, 15, 'hv3TjWatuMgOhrt2f', 6),
(2, 1, 15, 8, 9, 16, 25, 14, 23, 7, 10, 20, 21, 5, 6, 24, 17, 'hv3TjWatuMgOhrt2f', 7),
(2, 1, 17, 19, 5, 20, 18, 22, 16, 25, 6, 15, 21, 10, 9, 7, 8, 'hv3TjWatuMgOhrt2f', 8),
(2, 1, 9, 7, 20, 14, 15, 18, 17, 19, 23, 22, 2, 16, 8, 25, 21, 'hv3TjWatuMgOhrt2f', 9),
(2, 1, 20, 16, 21, 19, 18, 2, 10, 7, 8, 22, 23, 9, 6, 15, 14, 'hv3TjWatuMgOhrt2f', 10),
(2, 1, 7, 19, 5, 23, 18, 16, 10, 9, 15, 21, 22, 8, 25, 6, 20, 'hv3TjWatuMgOhrt2f', 11),
(2, 1, 5, 2, 21, 8, 15, 24, 25, 23, 7, 19, 17, 9, 6, 20, 10, 'hv3TjWatuMgOhrt2f', 12),
(2, 1, 8, 5, 2, 14, 18, 25, 15, 21, 22, 10, 23, 17, 7, 19, 24, 'hv3TjWatuMgOhrt2f', 13),
(2, 1, 8, 7, 5, 16, 23, 19, 25, 10, 20, 2, 17, 22, 24, 6, 15, 'hv3TjWatuMgOhrt2f', 14),
(2, 1, 7, 8, 17, 20, 18, 9, 21, 15, 10, 25, 14, 16, 23, 5, 19, 'hv3TjWatuMgOhrt2f', 15),
(2, 1, 10, 25, 22, 24, 6, 2, 23, 19, 16, 18, 5, 15, 21, 7, 14, 'hv3TjWatuMgOhrt2f', 16),
(2, 1, 5, 20, 18, 22, 17, 6, 23, 7, 25, 9, 8, 15, 10, 16, 14, 'hv3TjWatuMgOhrt2f', 17),
(2, 1, 25, 22, 23, 9, 6, 19, 7, 18, 14, 16, 10, 5, 2, 20, 15, 'hv3TjWatuMgOhrt2f', 18),
(2, 1, 21, 18, 15, 24, 6, 25, 5, 10, 7, 16, 19, 2, 8, 23, 9, 'hv3TjWatuMgOhrt2f', 19),
(2, 1, 14, 8, 15, 6, 22, 10, 23, 20, 7, 25, 2, 24, 21, 18, 19, 'hv3TjWatuMgOhrt2f', 20),
(2, 1, 25, 14, 5, 15, 18, 16, 24, 9, 23, 8, 19, 20, 21, 10, 2, 'hv3TjWatuMgOhrt2f', 21),
(2, 1, 18, 8, 21, 16, 9, 24, 14, 22, 5, 2, 17, 25, 19, 23, 20, 'hv3TjWatuMgOhrt2f', 22),
(2, 1, 19, 9, 18, 20, 14, 10, 21, 5, 15, 23, 8, 24, 7, 25, 16, 'hv3TjWatuMgOhrt2f', 23),
(2, 1, 18, 25, 7, 20, 14, 17, 24, 15, 23, 8, 21, 9, 2, 5, 10, 'hv3TjWatuMgOhrt2f', 24),
(2, 1, 21, 16, 19, 22, 7, 25, 2, 14, 5, 15, 9, 6, 8, 10, 18, 'hv3TjWatuMgOhrt2f', 25),
(2, 1, 6, 20, 3, 14, 21, 18, 25, 23, 4, 8, 19, 2, 9, 24, 22, 'CA77ZtRCqnjGkZrwV', 26),
(2, 1, 25, 23, 24, 16, 18, 19, 14, 9, 7, 22, 2, 8, 20, 3, 21, 'CA77ZtRCqnjGkZrwV', 27),
(2, 1, 18, 9, 6, 16, 7, 4, 25, 23, 21, 20, 2, 8, 19, 11, 12, 'CA77ZtRCqnjGkZrwV', 28),
(2, 1, 18, 14, 3, 23, 8, 12, 16, 4, 25, 22, 9, 6, 11, 2, 24, 'CA77ZtRCqnjGkZrwV', 29),
(2, 1, 21, 22, 8, 23, 16, 6, 18, 2, 14, 7, 11, 12, 20, 25, 3, 'CA77ZtRCqnjGkZrwV', 30),
(2, 1, 25, 23, 8, 21, 11, 14, 16, 20, 7, 22, 19, 2, 4, 24, 18, 'CA77ZtRCqnjGkZrwV', 31),
(2, 1, 2, 4, 8, 6, 19, 23, 3, 9, 25, 11, 24, 12, 21, 18, 14, 'CA77ZtRCqnjGkZrwV', 32),
(2, 1, 21, 6, 24, 20, 7, 9, 14, 12, 25, 4, 16, 18, 8, 22, 3, 'CA77ZtRCqnjGkZrwV', 33),
(2, 1, 21, 3, 24, 2, 6, 7, 25, 14, 18, 20, 22, 11, 23, 12, 19, 'CA77ZtRCqnjGkZrwV', 34),
(2, 1, 2, 7, 22, 23, 14, 16, 11, 25, 4, 24, 20, 3, 9, 19, 21, 'CA77ZtRCqnjGkZrwV', 35),
(2, 1, 9, 7, 24, 18, 23, 6, 20, 4, 3, 19, 14, 21, 22, 16, 25, 'CA77ZtRCqnjGkZrwV', 36),
(2, 1, 12, 4, 18, 3, 8, 24, 21, 14, 19, 25, 7, 9, 23, 6, 11, 'CA77ZtRCqnjGkZrwV', 37),
(2, 1, 18, 21, 7, 3, 24, 9, 8, 20, 2, 6, 14, 19, 4, 16, 22, 'CA77ZtRCqnjGkZrwV', 38),
(2, 1, 18, 14, 12, 3, 16, 21, 7, 9, 23, 24, 25, 6, 4, 22, 2, 'CA77ZtRCqnjGkZrwV', 39),
(2, 1, 14, 8, 19, 16, 21, 2, 20, 23, 4, 22, 11, 3, 25, 18, 24, 'CA77ZtRCqnjGkZrwV', 40),
(2, 1, 6, 3, 2, 8, 14, 18, 19, 4, 7, 25, 9, 23, 24, 12, 16, 'CA77ZtRCqnjGkZrwV', 41),
(2, 1, 4, 16, 7, 18, 11, 2, 6, 24, 8, 3, 20, 21, 23, 9, 22, 'CA77ZtRCqnjGkZrwV', 42),
(2, 1, 3, 22, 25, 19, 8, 23, 7, 16, 24, 14, 12, 18, 21, 2, 11, 'CA77ZtRCqnjGkZrwV', 43),
(2, 1, 7, 11, 25, 4, 12, 2, 24, 8, 16, 22, 18, 9, 21, 14, 19, 'CA77ZtRCqnjGkZrwV', 44),
(2, 1, 22, 14, 19, 21, 9, 18, 25, 8, 23, 3, 16, 4, 12, 7, 20, 'CA77ZtRCqnjGkZrwV', 45),
(2, 1, 14, 8, 25, 12, 22, 3, 19, 4, 23, 21, 24, 20, 9, 16, 18, 'CA77ZtRCqnjGkZrwV', 46),
(2, 1, 25, 22, 8, 16, 3, 9, 12, 14, 23, 19, 4, 6, 18, 7, 24, 'CA77ZtRCqnjGkZrwV', 47),
(2, 1, 23, 19, 7, 21, 8, 20, 4, 3, 6, 24, 14, 22, 25, 2, 11, 'CA77ZtRCqnjGkZrwV', 48),
(2, 1, 8, 19, 20, 24, 7, 2, 18, 12, 3, 22, 9, 16, 4, 11, 14, 'CA77ZtRCqnjGkZrwV', 49),
(2, 1, 25, 9, 16, 14, 4, 22, 7, 23, 3, 21, 11, 2, 24, 8, 6, 'CA77ZtRCqnjGkZrwV', 50),
(2, 1, 8, 2, 16, 17, 12, 21, 14, 15, 6, 11, 25, 7, 4, 9, 3, 'FvANlaYAj3prieTLH', 51),
(2, 1, 13, 3, 16, 9, 23, 12, 8, 19, 21, 17, 7, 15, 4, 6, 25, 'FvANlaYAj3prieTLH', 52),
(2, 1, 4, 7, 15, 12, 6, 11, 17, 21, 14, 22, 19, 13, 25, 3, 9, 'FvANlaYAj3prieTLH', 53),
(2, 1, 8, 7, 11, 3, 16, 12, 19, 4, 6, 23, 15, 13, 14, 25, 21, 'FvANlaYAj3prieTLH', 54),
(2, 1, 13, 7, 23, 22, 11, 14, 6, 16, 15, 9, 25, 2, 19, 17, 8, 'FvANlaYAj3prieTLH', 55),
(2, 1, 19, 25, 6, 16, 14, 2, 9, 23, 4, 8, 15, 21, 3, 11, 17, 'FvANlaYAj3prieTLH', 56),
(2, 1, 11, 7, 16, 6, 23, 25, 2, 17, 3, 15, 12, 13, 9, 22, 4, 'FvANlaYAj3prieTLH', 57),
(2, 1, 9, 15, 16, 23, 11, 14, 21, 22, 25, 17, 4, 13, 3, 19, 2, 'FvANlaYAj3prieTLH', 58),
(2, 1, 4, 6, 25, 3, 2, 21, 14, 22, 23, 9, 13, 8, 15, 19, 16, 'FvANlaYAj3prieTLH', 59),
(2, 1, 12, 4, 9, 23, 21, 14, 13, 6, 11, 15, 16, 7, 2, 8, 17, 'FvANlaYAj3prieTLH', 60),
(2, 1, 12, 7, 22, 2, 6, 9, 21, 16, 3, 15, 17, 25, 23, 13, 19, 'FvANlaYAj3prieTLH', 61),
(2, 1, 22, 8, 21, 11, 15, 19, 23, 6, 7, 4, 3, 2, 14, 16, 13, 'FvANlaYAj3prieTLH', 62),
(2, 1, 12, 25, 22, 8, 13, 11, 14, 19, 6, 15, 2, 21, 3, 16, 9, 'FvANlaYAj3prieTLH', 63),
(2, 1, 22, 16, 13, 25, 9, 21, 8, 23, 7, 3, 11, 15, 19, 17, 14, 'FvANlaYAj3prieTLH', 64),
(2, 1, 23, 21, 4, 2, 8, 19, 13, 17, 9, 22, 11, 12, 6, 7, 3, 'FvANlaYAj3prieTLH', 65),
(2, 1, 16, 15, 3, 7, 13, 17, 19, 25, 22, 2, 11, 4, 23, 8, 9, 'FvANlaYAj3prieTLH', 66),
(2, 1, 3, 2, 6, 14, 19, 9, 11, 12, 25, 4, 16, 13, 17, 23, 21, 'FvANlaYAj3prieTLH', 67),
(2, 1, 23, 9, 16, 17, 4, 12, 3, 15, 25, 2, 22, 14, 21, 19, 7, 'FvANlaYAj3prieTLH', 68),
(2, 1, 13, 14, 21, 25, 11, 19, 2, 7, 8, 15, 6, 12, 16, 17, 23, 'FvANlaYAj3prieTLH', 69),
(2, 1, 17, 15, 25, 12, 16, 3, 6, 21, 2, 22, 9, 8, 19, 13, 11, 'FvANlaYAj3prieTLH', 70),
(2, 1, 23, 8, 6, 19, 7, 13, 21, 9, 25, 16, 12, 22, 14, 11, 3, 'FvANlaYAj3prieTLH', 71),
(2, 1, 9, 13, 8, 4, 23, 17, 15, 12, 21, 6, 16, 2, 25, 3, 14, 'FvANlaYAj3prieTLH', 72),
(2, 1, 2, 17, 9, 6, 23, 8, 13, 21, 7, 14, 19, 16, 11, 12, 4, 'FvANlaYAj3prieTLH', 73),
(2, 1, 11, 16, 22, 9, 21, 7, 14, 23, 8, 4, 12, 6, 13, 25, 17, 'FvANlaYAj3prieTLH', 74),
(2, 1, 17, 16, 8, 4, 19, 23, 14, 21, 9, 7, 22, 6, 3, 15, 12, 'FvANlaYAj3prieTLH', 75),
(2, 1, 18, 11, 21, 14, 8, 15, 24, 23, 9, 5, 19, 13, 7, 17, 25, 'qC1uFwArIc2CiuQgm', 76),
(2, 1, 18, 19, 9, 5, 3, 20, 7, 15, 21, 13, 23, 8, 25, 17, 24, 'qC1uFwArIc2CiuQgm', 77),
(2, 1, 11, 13, 21, 18, 25, 7, 23, 22, 5, 17, 24, 15, 6, 14, 8, 'qC1uFwArIc2CiuQgm', 78),
(2, 1, 19, 11, 18, 15, 9, 5, 25, 21, 7, 24, 13, 23, 14, 20, 8, 'qC1uFwArIc2CiuQgm', 79),
(2, 1, 19, 21, 15, 11, 5, 22, 13, 3, 7, 9, 24, 6, 20, 18, 23, 'qC1uFwArIc2CiuQgm', 80),
(2, 1, 11, 22, 25, 15, 7, 8, 21, 20, 3, 18, 5, 24, 17, 19, 6, 'qC1uFwArIc2CiuQgm', 81),
(2, 1, 5, 7, 14, 15, 23, 13, 3, 9, 19, 17, 25, 20, 6, 24, 18, 'qC1uFwArIc2CiuQgm', 82),
(2, 1, 7, 13, 25, 20, 11, 6, 24, 21, 18, 5, 3, 17, 15, 23, 22, 'qC1uFwArIc2CiuQgm', 83),
(2, 1, 21, 25, 18, 6, 8, 23, 22, 3, 17, 13, 5, 9, 11, 19, 20, 'qC1uFwArIc2CiuQgm', 84),
(2, 1, 20, 17, 8, 13, 5, 18, 25, 3, 23, 6, 21, 7, 24, 19, 11, 'qC1uFwArIc2CiuQgm', 85),
(2, 1, 7, 20, 3, 19, 24, 13, 22, 18, 8, 6, 15, 5, 11, 21, 9, 'qC1uFwArIc2CiuQgm', 86),
(2, 1, 11, 20, 3, 22, 19, 7, 15, 9, 17, 23, 24, 21, 14, 5, 18, 'qC1uFwArIc2CiuQgm', 87),
(2, 1, 11, 25, 9, 22, 23, 17, 18, 8, 13, 24, 5, 19, 20, 3, 6, 'qC1uFwArIc2CiuQgm', 88),
(2, 1, 18, 7, 13, 25, 11, 14, 17, 9, 8, 19, 23, 22, 6, 15, 5, 'qC1uFwArIc2CiuQgm', 89),
(2, 1, 24, 17, 9, 3, 15, 18, 8, 19, 6, 22, 25, 14, 23, 21, 7, 'qC1uFwArIc2CiuQgm', 90),
(2, 1, 25, 22, 15, 11, 19, 13, 21, 20, 7, 6, 24, 5, 8, 14, 17, 'qC1uFwArIc2CiuQgm', 91),
(2, 1, 15, 25, 19, 20, 11, 21, 22, 3, 8, 6, 23, 17, 14, 13, 9, 'qC1uFwArIc2CiuQgm', 92),
(2, 1, 3, 5, 20, 17, 21, 22, 19, 18, 25, 9, 6, 23, 24, 15, 8, 'qC1uFwArIc2CiuQgm', 93),
(2, 1, 23, 22, 8, 13, 24, 14, 11, 18, 5, 6, 17, 3, 25, 19, 7, 'qC1uFwArIc2CiuQgm', 94),
(2, 1, 22, 5, 23, 14, 20, 8, 6, 19, 17, 24, 11, 13, 15, 7, 25, 'qC1uFwArIc2CiuQgm', 95),
(2, 1, 22, 23, 6, 25, 9, 7, 13, 18, 15, 24, 14, 3, 11, 20, 8, 'qC1uFwArIc2CiuQgm', 96),
(2, 1, 23, 20, 7, 14, 6, 18, 9, 21, 3, 11, 24, 22, 25, 15, 8, 'qC1uFwArIc2CiuQgm', 97),
(2, 1, 5, 17, 8, 6, 14, 11, 20, 15, 22, 3, 24, 7, 18, 23, 19, 'qC1uFwArIc2CiuQgm', 98),
(2, 1, 24, 23, 6, 18, 17, 22, 15, 8, 20, 9, 14, 7, 25, 21, 13, 'qC1uFwArIc2CiuQgm', 99),
(2, 1, 22, 15, 24, 23, 17, 21, 18, 25, 20, 3, 14, 6, 9, 11, 13, 'qC1uFwArIc2CiuQgm', 100),
(2, 1, 11, 16, 7, 9, 18, 14, 8, 3, 15, 4, 21, 25, 12, 5, 17, 'ABmNLfmotApYIuxgK', 101),
(2, 1, 23, 5, 3, 9, 25, 14, 8, 10, 15, 7, 12, 21, 16, 18, 17, 'ABmNLfmotApYIuxgK', 102),
(2, 1, 11, 8, 25, 12, 17, 5, 7, 4, 3, 16, 14, 20, 10, 15, 9, 'ABmNLfmotApYIuxgK', 103),
(2, 1, 4, 14, 18, 15, 7, 2, 5, 16, 11, 9, 25, 23, 17, 3, 12, 'ABmNLfmotApYIuxgK', 104),
(2, 1, 4, 3, 9, 2, 20, 18, 23, 8, 7, 21, 25, 15, 10, 14, 11, 'ABmNLfmotApYIuxgK', 105),
(2, 1, 8, 9, 23, 5, 2, 12, 18, 11, 21, 15, 3, 17, 7, 14, 20, 'ABmNLfmotApYIuxgK', 106),
(2, 1, 8, 20, 10, 18, 7, 16, 14, 15, 5, 2, 17, 4, 9, 21, 25, 'ABmNLfmotApYIuxgK', 107),
(2, 1, 12, 25, 3, 20, 2, 14, 4, 23, 7, 10, 16, 17, 8, 5, 11, 'ABmNLfmotApYIuxgK', 108),
(2, 1, 23, 11, 4, 10, 17, 5, 8, 14, 20, 7, 12, 21, 16, 2, 15, 'ABmNLfmotApYIuxgK', 109),
(2, 1, 18, 7, 3, 9, 12, 2, 16, 17, 10, 15, 25, 14, 11, 5, 23, 'ABmNLfmotApYIuxgK', 110),
(2, 1, 5, 25, 7, 14, 18, 12, 4, 10, 8, 23, 11, 20, 2, 15, 17, 'ABmNLfmotApYIuxgK', 111),
(2, 1, 2, 23, 10, 9, 20, 8, 17, 16, 11, 7, 18, 14, 4, 25, 21, 'ABmNLfmotApYIuxgK', 112),
(2, 1, 12, 15, 9, 2, 16, 11, 10, 17, 4, 20, 14, 23, 3, 25, 21, 'ABmNLfmotApYIuxgK', 113),
(2, 1, 2, 11, 23, 5, 10, 15, 12, 14, 9, 21, 20, 8, 25, 7, 4, 'ABmNLfmotApYIuxgK', 114),
(2, 1, 2, 5, 21, 17, 15, 8, 3, 10, 14, 20, 4, 23, 12, 25, 11, 'ABmNLfmotApYIuxgK', 115),
(2, 1, 7, 14, 8, 12, 21, 15, 23, 20, 5, 3, 16, 2, 10, 18, 11, 'ABmNLfmotApYIuxgK', 116),
(2, 1, 17, 20, 11, 3, 12, 14, 15, 4, 10, 9, 8, 21, 25, 5, 18, 'ABmNLfmotApYIuxgK', 117),
(2, 1, 25, 9, 23, 8, 15, 12, 4, 16, 14, 18, 2, 21, 20, 5, 7, 'ABmNLfmotApYIuxgK', 118),
(2, 1, 16, 21, 25, 12, 5, 15, 11, 7, 4, 9, 2, 8, 10, 23, 14, 'ABmNLfmotApYIuxgK', 119),
(2, 1, 18, 8, 4, 21, 15, 17, 23, 20, 2, 10, 25, 3, 12, 7, 11, 'ABmNLfmotApYIuxgK', 120),
(2, 1, 3, 4, 25, 16, 17, 21, 15, 10, 8, 18, 12, 7, 2, 9, 14, 'ABmNLfmotApYIuxgK', 121),
(2, 1, 18, 11, 15, 8, 16, 4, 21, 17, 7, 14, 10, 9, 2, 20, 25, 'ABmNLfmotApYIuxgK', 122),
(2, 1, 21, 18, 10, 3, 12, 23, 20, 14, 2, 8, 9, 4, 16, 15, 17, 'ABmNLfmotApYIuxgK', 123),
(2, 1, 7, 2, 3, 11, 20, 16, 15, 4, 10, 18, 12, 23, 5, 8, 25, 'ABmNLfmotApYIuxgK', 124),
(2, 1, 25, 3, 5, 4, 7, 11, 21, 9, 10, 16, 18, 2, 23, 14, 15, 'ABmNLfmotApYIuxgK', 125),
(2, 1, 7, 10, 14, 23, 12, 13, 2, 3, 24, 16, 20, 17, 6, 19, 5, 'DpTpYWz5yMK240wRA', 126),
(2, 1, 8, 7, 10, 17, 15, 5, 12, 20, 13, 16, 19, 24, 3, 23, 22, 'DpTpYWz5yMK240wRA', 127),
(2, 1, 15, 8, 3, 23, 16, 6, 9, 7, 10, 24, 13, 14, 19, 22, 12, 'DpTpYWz5yMK240wRA', 128),
(2, 1, 14, 15, 22, 8, 13, 5, 23, 3, 2, 7, 10, 16, 9, 19, 20, 'DpTpYWz5yMK240wRA', 129),
(2, 1, 22, 8, 15, 16, 2, 7, 13, 23, 10, 5, 17, 20, 6, 19, 14, 'DpTpYWz5yMK240wRA', 130),
(2, 1, 24, 16, 13, 12, 23, 3, 8, 5, 15, 7, 19, 10, 9, 22, 20, 'DpTpYWz5yMK240wRA', 131),
(2, 1, 20, 15, 5, 16, 13, 23, 12, 9, 22, 14, 7, 10, 24, 17, 6, 'DpTpYWz5yMK240wRA', 132),
(2, 1, 7, 16, 17, 15, 6, 13, 23, 10, 24, 8, 3, 5, 19, 14, 12, 'DpTpYWz5yMK240wRA', 133),
(2, 1, 23, 22, 2, 13, 16, 24, 5, 12, 7, 9, 8, 10, 19, 17, 14, 'DpTpYWz5yMK240wRA', 134),
(2, 1, 19, 2, 15, 22, 3, 13, 23, 5, 16, 8, 24, 7, 9, 14, 6, 'DpTpYWz5yMK240wRA', 135),
(2, 1, 6, 15, 17, 24, 3, 2, 16, 7, 10, 19, 8, 13, 5, 12, 20, 'DpTpYWz5yMK240wRA', 136),
(2, 1, 14, 20, 19, 8, 2, 17, 10, 15, 22, 12, 7, 16, 24, 5, 3, 'DpTpYWz5yMK240wRA', 137),
(2, 1, 16, 23, 22, 10, 14, 6, 12, 5, 9, 2, 13, 8, 19, 17, 24, 'DpTpYWz5yMK240wRA', 138),
(2, 1, 9, 3, 20, 13, 15, 7, 17, 23, 10, 5, 14, 19, 12, 24, 2, 'DpTpYWz5yMK240wRA', 139),
(2, 1, 14, 3, 23, 15, 17, 8, 16, 9, 24, 5, 7, 6, 10, 2, 13, 'DpTpYWz5yMK240wRA', 140),
(2, 1, 3, 10, 17, 14, 9, 24, 15, 6, 16, 12, 22, 19, 5, 7, 23, 'DpTpYWz5yMK240wRA', 141),
(2, 1, 19, 8, 12, 10, 6, 13, 2, 24, 17, 16, 23, 7, 9, 5, 3, 'DpTpYWz5yMK240wRA', 142),
(2, 1, 22, 14, 13, 10, 12, 5, 24, 16, 7, 19, 20, 23, 2, 17, 3, 'DpTpYWz5yMK240wRA', 143),
(2, 1, 23, 16, 15, 5, 13, 22, 8, 3, 12, 2, 9, 24, 19, 10, 20, 'DpTpYWz5yMK240wRA', 144),
(2, 1, 15, 3, 23, 12, 22, 19, 17, 6, 24, 5, 7, 14, 2, 9, 8, 'DpTpYWz5yMK240wRA', 145),
(2, 1, 13, 9, 19, 20, 8, 14, 16, 7, 15, 22, 6, 3, 24, 23, 10, 'DpTpYWz5yMK240wRA', 146),
(2, 1, 23, 19, 13, 8, 3, 17, 9, 22, 16, 5, 24, 12, 7, 14, 10, 'DpTpYWz5yMK240wRA', 147),
(2, 1, 15, 12, 13, 8, 6, 17, 22, 24, 5, 19, 14, 23, 10, 20, 3, 'DpTpYWz5yMK240wRA', 148),
(2, 1, 13, 2, 9, 8, 23, 20, 10, 24, 17, 14, 12, 5, 15, 6, 3, 'DpTpYWz5yMK240wRA', 149),
(2, 1, 23, 5, 10, 14, 19, 6, 7, 9, 12, 15, 13, 2, 24, 20, 3, 'DpTpYWz5yMK240wRA', 150),
(2, 1, 6, 17, 5, 20, 23, 21, 15, 19, 16, 14, 2, 3, 13, 24, 9, 'codigo', 151),
(2, 1, 23, 14, 10, 6, 3, 20, 15, 4, 18, 13, 8, 2, 12, 22, 16, 'codigo', 152),
(2, 1, 14, 22, 16, 13, 3, 2, 11, 17, 6, 20, 8, 25, 21, 5, 10, 'codigo', 153),
(2, 1, 16, 14, 2, 25, 20, 21, 24, 3, 8, 23, 15, 10, 18, 17, 4, 'codigo', 154),
(2, 1, 15, 13, 22, 4, 17, 8, 9, 11, 7, 25, 24, 14, 10, 3, 6, 'codigo', 155),
(2, 1, 18, 19, 11, 24, 21, 23, 13, 9, 20, 4, 22, 14, 2, 5, 15, 'codigo', 156),
(2, 1, 10, 7, 20, 17, 15, 22, 21, 13, 6, 23, 14, 11, 2, 18, 12, 'codigo', 157),
(2, 1, 23, 18, 6, 19, 5, 20, 25, 7, 10, 21, 13, 24, 9, 22, 4, 'codigo', 158),
(2, 1, 21, 9, 12, 24, 18, 14, 5, 8, 4, 15, 23, 20, 10, 19, 13, 'codigo', 159),
(2, 1, 3, 18, 22, 21, 24, 10, 19, 5, 25, 9, 11, 4, 14, 12, 23, 'codigo', 160),
(2, 1, 11, 25, 18, 20, 5, 22, 17, 12, 10, 9, 16, 8, 6, 21, 24, 'codigo', 161),
(2, 1, 17, 6, 10, 24, 14, 2, 9, 16, 19, 22, 21, 15, 12, 3, 20, 'codigo', 162),
(2, 1, 17, 7, 25, 22, 14, 4, 3, 15, 19, 13, 8, 18, 23, 16, 20, 'codigo', 163),
(2, 1, 11, 8, 3, 16, 25, 20, 5, 19, 12, 7, 6, 17, 14, 13, 9, 'codigo', 164),
(2, 1, 3, 2, 4, 17, 7, 13, 11, 5, 14, 25, 19, 21, 6, 24, 23, 'codigo', 165),
(2, 1, 18, 2, 16, 23, 12, 7, 25, 14, 5, 15, 4, 13, 19, 17, 6, 'codigo', 166),
(2, 1, 15, 9, 24, 21, 20, 6, 12, 3, 22, 16, 19, 13, 7, 8, 18, 'codigo', 167),
(2, 1, 17, 14, 9, 20, 16, 22, 10, 2, 4, 23, 8, 3, 15, 24, 11, 'codigo', 168),
(2, 1, 22, 8, 25, 2, 16, 21, 3, 13, 23, 15, 7, 18, 9, 14, 6, 'codigo', 169),
(2, 1, 2, 16, 14, 5, 9, 13, 12, 20, 7, 24, 19, 17, 6, 22, 4, 'codigo', 170),
(2, 1, 2, 25, 14, 7, 12, 10, 5, 23, 19, 13, 18, 20, 17, 4, 15, 'codigo', 171),
(2, 1, 10, 21, 13, 18, 9, 4, 2, 25, 19, 15, 12, 14, 22, 23, 8, 'codigo', 172),
(2, 1, 21, 9, 3, 10, 11, 19, 22, 14, 24, 18, 20, 25, 15, 17, 5, 'codigo', 173),
(2, 1, 21, 19, 18, 6, 3, 12, 23, 10, 16, 9, 24, 17, 22, 2, 25, 'codigo', 174),
(2, 1, 2, 20, 5, 12, 10, 18, 3, 25, 7, 22, 6, 11, 21, 19, 8, 'codigo', 175),
(2, 1, 3, 7, 2, 13, 5, 24, 22, 16, 4, 18, 14, 9, 25, 19, 11, 'codigo', 176),
(2, 1, 3, 19, 14, 8, 9, 20, 12, 11, 10, 5, 25, 17, 13, 22, 6, 'codigo', 177),
(2, 1, 8, 22, 2, 4, 5, 15, 18, 21, 16, 6, 12, 7, 9, 24, 20, 'codigo', 178),
(2, 1, 5, 15, 16, 2, 8, 19, 12, 14, 10, 21, 3, 23, 13, 24, 7, 'codigo', 179),
(2, 1, 14, 4, 8, 24, 25, 3, 10, 20, 7, 2, 23, 19, 15, 22, 21, 'codigo', 180),
(2, 1, 9, 24, 8, 17, 19, 13, 4, 20, 7, 6, 3, 10, 21, 12, 25, 'codigo', 181),
(2, 1, 20, 21, 15, 22, 19, 16, 7, 18, 2, 8, 4, 25, 3, 9, 10, 'codigo', 182),
(2, 1, 22, 9, 6, 8, 23, 12, 11, 14, 10, 13, 25, 19, 2, 21, 17, 'codigo', 183),
(2, 1, 8, 17, 25, 5, 13, 10, 15, 4, 7, 22, 12, 19, 2, 14, 11, 'codigo', 184),
(2, 1, 21, 16, 9, 17, 23, 2, 3, 10, 4, 7, 18, 6, 8, 5, 14, 'codigo', 185),
(2, 1, 22, 10, 3, 11, 12, 13, 24, 15, 4, 14, 7, 9, 2, 23, 25, 'codigo', 186),
(2, 1, 2, 7, 3, 11, 5, 22, 25, 14, 20, 13, 8, 12, 10, 24, 23, 'codigo', 187),
(2, 1, 18, 13, 6, 24, 8, 16, 25, 5, 20, 23, 22, 14, 3, 2, 15, 'codigo', 188),
(2, 1, 2, 25, 18, 5, 16, 11, 3, 8, 7, 23, 19, 10, 14, 15, 9, 'codigo', 189),
(2, 1, 19, 25, 23, 13, 6, 20, 14, 12, 10, 15, 3, 2, 7, 21, 4, 'codigo', 190),
(2, 1, 15, 21, 9, 8, 20, 12, 10, 11, 25, 2, 3, 23, 17, 7, 5, 'codigo', 191),
(2, 1, 2, 13, 14, 11, 9, 23, 22, 7, 5, 21, 18, 10, 17, 12, 24, 'codigo', 192),
(2, 1, 4, 17, 9, 18, 10, 24, 5, 15, 8, 7, 23, 12, 13, 19, 21, 'codigo', 193),
(2, 1, 20, 5, 22, 9, 25, 6, 11, 18, 10, 8, 21, 7, 4, 23, 15, 'codigo', 194),
(2, 1, 15, 22, 9, 23, 13, 2, 11, 20, 19, 25, 14, 6, 24, 5, 16, 'codigo', 195),
(2, 1, 14, 4, 5, 20, 7, 3, 25, 9, 24, 13, 23, 19, 22, 10, 18, 'codigo', 196),
(2, 1, 22, 14, 18, 19, 13, 23, 7, 10, 25, 4, 5, 24, 6, 17, 20, 'codigo', 197),
(2, 1, 19, 18, 25, 5, 22, 14, 10, 9, 6, 11, 21, 3, 17, 15, 20, 'codigo', 198),
(2, 1, 23, 5, 13, 22, 11, 24, 12, 4, 6, 20, 7, 16, 25, 19, 3, 'codigo', 199),
(2, 1, 17, 16, 14, 7, 24, 20, 22, 12, 3, 23, 25, 2, 4, 6, 18, 'codigo', 200),
(2, 1, 8, 15, 23, 2, 4, 21, 22, 3, 24, 12, 10, 7, 5, 9, 19, 'codigo', 201),
(2, 1, 25, 9, 24, 18, 22, 6, 3, 16, 4, 13, 15, 19, 2, 7, 20, 'codigo', 202),
(2, 1, 3, 13, 10, 15, 25, 7, 24, 14, 8, 16, 12, 11, 6, 4, 18, 'codigo', 203),
(2, 1, 7, 13, 5, 10, 24, 19, 9, 16, 4, 3, 11, 8, 2, 17, 15, 'codigo', 204),
(2, 1, 12, 21, 25, 2, 5, 3, 22, 13, 10, 19, 8, 17, 15, 11, 6, 'codigo', 205),
(2, 1, 14, 17, 7, 8, 9, 6, 19, 11, 2, 24, 10, 13, 21, 4, 22, 'codigo', 206),
(2, 1, 3, 17, 11, 20, 22, 14, 9, 8, 23, 2, 21, 13, 10, 24, 12, 'codigo', 207),
(2, 1, 11, 21, 9, 24, 23, 13, 4, 15, 12, 7, 17, 14, 19, 16, 6, 'codigo', 208),
(2, 1, 13, 8, 10, 23, 2, 9, 4, 15, 16, 20, 18, 14, 17, 21, 11, 'codigo', 209),
(2, 1, 17, 2, 21, 14, 19, 23, 11, 6, 16, 22, 12, 3, 20, 18, 5, 'codigo', 210),
(2, 1, 10, 23, 25, 14, 8, 4, 12, 9, 20, 17, 6, 24, 7, 19, 13, 'codigo', 211),
(2, 1, 25, 13, 24, 19, 15, 11, 23, 5, 9, 4, 10, 6, 7, 18, 17, 'codigo', 212),
(2, 1, 16, 2, 14, 23, 11, 19, 7, 10, 21, 18, 6, 22, 24, 5, 20, 'codigo', 213),
(2, 1, 11, 19, 23, 15, 25, 13, 10, 8, 2, 9, 7, 24, 17, 5, 6, 'codigo', 214),
(2, 1, 6, 24, 25, 20, 5, 22, 23, 12, 8, 4, 15, 16, 2, 10, 7, 'codigo', 215),
(2, 1, 12, 3, 21, 11, 17, 20, 18, 13, 2, 16, 24, 22, 7, 5, 8, 'codigo', 216),
(2, 1, 2, 23, 12, 24, 25, 22, 20, 4, 15, 3, 5, 10, 6, 9, 16, 'codigo', 217),
(2, 1, 6, 4, 22, 18, 13, 16, 3, 21, 14, 12, 2, 15, 5, 20, 17, 'codigo', 218),
(2, 1, 16, 24, 4, 7, 12, 10, 5, 15, 14, 19, 8, 20, 2, 13, 3, 'codigo', 219),
(2, 1, 9, 23, 18, 17, 12, 10, 21, 14, 8, 13, 20, 19, 7, 15, 22, 'codigo', 220),
(2, 1, 6, 18, 3, 23, 17, 10, 21, 25, 19, 5, 13, 7, 15, 9, 4, 'codigo', 221),
(2, 1, 7, 25, 20, 10, 22, 14, 3, 17, 12, 19, 18, 16, 5, 11, 8, 'codigo', 222),
(2, 1, 8, 17, 23, 3, 18, 6, 16, 10, 24, 20, 14, 2, 19, 21, 22, 'codigo', 223),
(2, 1, 19, 7, 9, 24, 11, 10, 17, 13, 12, 4, 22, 23, 15, 20, 21, 'codigo', 224),
(2, 1, 6, 14, 15, 24, 19, 11, 5, 23, 21, 12, 2, 10, 7, 25, 8, 'codigo', 225),
(2, 1, 24, 18, 13, 7, 14, 23, 25, 5, 20, 8, 22, 10, 4, 16, 9, 'codigo', 226),
(2, 1, 21, 13, 14, 24, 19, 25, 8, 4, 2, 16, 15, 18, 10, 7, 12, 'codigo', 227),
(2, 1, 25, 23, 24, 8, 22, 20, 19, 17, 18, 11, 15, 5, 7, 21, 3, 'codigo', 228),
(2, 1, 6, 23, 10, 16, 15, 22, 17, 14, 3, 8, 12, 19, 2, 20, 9, 'codigo', 229),
(2, 1, 11, 3, 4, 16, 24, 23, 17, 25, 12, 22, 5, 20, 14, 13, 8, 'codigo', 230),
(2, 1, 24, 19, 3, 10, 7, 11, 20, 6, 12, 2, 17, 14, 23, 16, 4, 'codigo', 231),
(2, 1, 19, 6, 9, 13, 24, 25, 17, 5, 2, 3, 20, 4, 18, 11, 7, 'codigo', 232),
(2, 1, 8, 3, 16, 5, 10, 25, 21, 23, 2, 13, 22, 9, 19, 6, 15, 'codigo', 233),
(2, 1, 3, 13, 17, 21, 16, 23, 20, 11, 19, 15, 10, 22, 4, 24, 18, 'codigo', 234),
(2, 1, 11, 8, 20, 3, 13, 17, 7, 10, 21, 14, 15, 24, 16, 9, 25, 'codigo', 235),
(2, 1, 14, 19, 8, 4, 16, 21, 15, 13, 10, 23, 2, 12, 25, 6, 3, 'codigo', 236),
(2, 1, 11, 21, 5, 9, 25, 15, 17, 6, 13, 20, 14, 18, 19, 2, 10, 'codigo', 237),
(2, 1, 16, 3, 22, 14, 25, 15, 17, 8, 13, 20, 18, 4, 10, 24, 6, 'codigo', 238),
(2, 1, 2, 21, 18, 3, 10, 14, 11, 17, 22, 12, 15, 9, 8, 5, 13, 'codigo', 239),
(2, 1, 15, 25, 23, 11, 6, 4, 10, 19, 12, 3, 16, 22, 18, 5, 14, 'codigo', 240),
(2, 1, 20, 4, 24, 8, 23, 2, 3, 18, 11, 5, 22, 16, 6, 15, 25, 'codigo', 241),
(2, 1, 5, 12, 21, 20, 15, 19, 24, 7, 6, 16, 3, 23, 8, 17, 13, 'codigo', 242),
(2, 1, 16, 23, 14, 5, 25, 15, 18, 4, 6, 10, 11, 2, 17, 20, 22, 'codigo', 243),
(2, 1, 23, 24, 15, 10, 22, 11, 20, 17, 6, 13, 4, 18, 2, 3, 19, 'codigo', 244),
(2, 1, 3, 2, 16, 23, 9, 20, 14, 11, 22, 21, 8, 6, 10, 18, 24, 'codigo', 245),
(2, 1, 14, 24, 2, 9, 11, 18, 16, 20, 7, 21, 3, 25, 6, 13, 23, 'codigo', 246),
(2, 1, 4, 25, 20, 2, 11, 19, 23, 16, 15, 7, 6, 22, 13, 21, 18, 'codigo', 247),
(2, 1, 10, 15, 25, 9, 13, 18, 22, 14, 7, 16, 2, 11, 19, 20, 24, 'codigo', 248),
(2, 1, 5, 23, 24, 16, 4, 6, 20, 22, 13, 25, 17, 11, 2, 8, 3, 'codigo', 249),
(2, 1, 24, 14, 6, 11, 9, 23, 17, 13, 16, 4, 25, 12, 15, 8, 5, 'codigo', 250),
(2, 1, 4, 14, 21, 6, 2, 24, 16, 15, 13, 22, 3, 8, 25, 23, 12, 'codigo', 251),
(2, 1, 2, 22, 10, 5, 16, 11, 23, 17, 14, 13, 4, 3, 8, 24, 6, 'codigo', 252),
(2, 1, 9, 23, 10, 15, 19, 25, 3, 16, 20, 24, 11, 14, 6, 2, 7, 'codigo', 253),
(2, 1, 6, 20, 12, 24, 21, 13, 25, 19, 5, 23, 18, 16, 17, 9, 7, 'codigo', 254),
(2, 1, 2, 23, 12, 6, 5, 18, 19, 17, 11, 15, 7, 13, 14, 24, 16, 'codigo', 255),
(2, 1, 13, 16, 10, 15, 9, 19, 17, 25, 24, 20, 14, 12, 3, 18, 11, 'codigo', 256),
(2, 1, 17, 22, 7, 5, 20, 3, 6, 16, 9, 21, 10, 23, 11, 15, 18, 'codigo', 257),
(2, 1, 15, 25, 20, 19, 5, 11, 12, 10, 6, 21, 17, 23, 22, 4, 2, 'codigo', 258),
(2, 1, 14, 18, 23, 24, 8, 5, 9, 13, 21, 6, 25, 16, 19, 17, 10, 'codigo', 259),
(2, 1, 21, 4, 15, 22, 18, 13, 6, 3, 16, 17, 11, 7, 12, 20, 19, 'codigo', 260),
(2, 1, 8, 9, 24, 3, 23, 22, 18, 14, 19, 4, 7, 12, 16, 13, 6, 'codigo', 261),
(2, 1, 20, 15, 10, 6, 18, 19, 12, 2, 25, 3, 23, 14, 9, 17, 8, 'codigo', 262),
(2, 1, 4, 2, 7, 24, 11, 9, 22, 19, 10, 23, 16, 25, 13, 6, 3, 'codigo', 263),
(2, 1, 10, 4, 16, 11, 5, 14, 22, 2, 12, 13, 9, 7, 15, 20, 3, 'codigo', 264),
(2, 1, 7, 9, 25, 21, 14, 12, 8, 18, 2, 23, 10, 4, 13, 22, 6, 'codigo', 265),
(2, 1, 13, 7, 19, 24, 17, 20, 16, 14, 11, 5, 4, 25, 10, 8, 23, 'codigo', 266),
(2, 1, 21, 20, 2, 3, 12, 15, 7, 18, 19, 25, 9, 6, 16, 8, 17, 'codigo', 267),
(2, 1, 18, 2, 3, 14, 25, 8, 17, 13, 10, 24, 4, 20, 22, 21, 11, 'codigo', 268),
(2, 1, 24, 15, 4, 7, 19, 10, 20, 6, 9, 25, 12, 14, 8, 3, 17, 'codigo', 269),
(2, 1, 19, 5, 16, 9, 10, 18, 17, 12, 7, 8, 3, 14, 13, 20, 6, 'codigo', 270),
(2, 1, 15, 24, 2, 5, 17, 16, 10, 14, 13, 21, 3, 18, 23, 20, 11, 'codigo', 271),
(2, 1, 13, 2, 15, 7, 14, 16, 17, 6, 8, 9, 11, 21, 25, 19, 20, 'codigo', 272),
(2, 1, 16, 21, 19, 23, 6, 18, 8, 13, 3, 20, 22, 9, 4, 17, 15, 'codigo', 273),
(2, 1, 19, 20, 4, 17, 15, 13, 21, 8, 2, 22, 10, 6, 16, 25, 24, 'codigo', 274),
(2, 1, 17, 15, 25, 4, 6, 13, 16, 10, 5, 18, 2, 20, 22, 9, 3, 'codigo', 275),
(2, 1, 15, 11, 18, 24, 3, 10, 2, 20, 7, 22, 16, 4, 8, 21, 17, 'codigo', 276),
(2, 1, 5, 25, 10, 13, 12, 16, 17, 2, 11, 8, 23, 19, 7, 9, 14, 'codigo', 277),
(2, 1, 7, 25, 18, 15, 19, 17, 10, 21, 6, 9, 22, 20, 24, 8, 23, 'codigo', 278),
(2, 1, 23, 20, 6, 2, 24, 11, 13, 9, 8, 15, 21, 25, 7, 14, 16, 'codigo', 279),
(2, 1, 24, 20, 9, 14, 10, 15, 18, 8, 12, 19, 21, 2, 11, 25, 22, 'codigo', 280),
(2, 1, 16, 9, 4, 8, 11, 18, 14, 24, 13, 12, 25, 15, 19, 17, 21, 'codigo', 281),
(2, 1, 15, 21, 22, 5, 18, 14, 10, 19, 9, 12, 8, 6, 7, 17, 13, 'codigo', 282),
(2, 1, 13, 15, 3, 20, 5, 7, 23, 6, 11, 21, 18, 25, 10, 19, 12, 'codigo', 283),
(2, 1, 13, 14, 7, 20, 3, 8, 23, 17, 10, 12, 21, 15, 9, 11, 24, 'codigo', 284),
(2, 1, 25, 7, 12, 17, 24, 18, 6, 10, 8, 14, 11, 19, 5, 21, 4, 'codigo', 285),
(2, 1, 3, 17, 19, 11, 13, 21, 18, 25, 23, 10, 15, 20, 24, 4, 8, 'codigo', 286),
(2, 1, 10, 19, 7, 4, 20, 17, 11, 8, 5, 15, 24, 3, 23, 2, 12, 'codigo', 287),
(2, 1, 9, 16, 19, 24, 23, 14, 21, 17, 11, 20, 10, 25, 8, 3, 6, 'codigo', 288),
(2, 1, 19, 4, 3, 14, 17, 18, 20, 16, 23, 25, 2, 21, 11, 5, 12, 'codigo', 289),
(2, 1, 23, 21, 14, 15, 4, 24, 10, 9, 19, 3, 25, 17, 7, 22, 2, 'codigo', 290),
(2, 1, 4, 13, 25, 24, 15, 19, 5, 21, 3, 2, 20, 14, 22, 8, 12, 'codigo', 291),
(2, 1, 2, 5, 13, 15, 19, 16, 3, 25, 18, 7, 24, 17, 20, 10, 11, 'codigo', 292),
(2, 1, 19, 14, 13, 5, 8, 20, 18, 12, 4, 17, 9, 24, 15, 25, 21, 'codigo', 293),
(2, 1, 19, 7, 3, 24, 9, 6, 10, 8, 4, 23, 17, 20, 12, 18, 15, 'codigo', 294),
(2, 1, 21, 20, 23, 17, 22, 19, 24, 25, 5, 18, 8, 7, 6, 11, 14, 'codigo', 295),
(2, 1, 18, 10, 24, 23, 2, 25, 11, 4, 19, 20, 22, 5, 17, 14, 9, 'codigo', 296),
(2, 1, 2, 21, 25, 17, 14, 22, 13, 6, 23, 11, 19, 15, 10, 3, 18, 'codigo', 297),
(2, 1, 12, 19, 21, 3, 14, 23, 11, 6, 20, 15, 24, 18, 13, 9, 7, 'codigo', 298),
(2, 1, 21, 14, 13, 19, 20, 7, 22, 8, 2, 17, 11, 16, 6, 4, 3, 'codigo', 299),
(2, 1, 3, 14, 22, 24, 8, 23, 10, 17, 21, 9, 25, 20, 6, 16, 2, 'codigo', 300),
(2, 1, 11, 9, 10, 15, 7, 4, 5, 16, 24, 20, 21, 2, 25, 17, 22, 'codigo', 301),
(2, 1, 6, 22, 13, 5, 7, 14, 24, 3, 11, 15, 16, 9, 10, 25, 12, 'codigo', 302),
(2, 1, 2, 5, 12, 15, 13, 4, 19, 18, 6, 14, 10, 17, 21, 3, 8, 'codigo', 303),
(2, 1, 10, 7, 5, 18, 14, 21, 25, 16, 2, 6, 19, 23, 12, 11, 20, 'codigo', 304),
(2, 1, 8, 17, 9, 4, 15, 20, 22, 23, 12, 24, 7, 13, 11, 18, 6, 'codigo', 305),
(2, 1, 25, 21, 16, 11, 12, 15, 10, 5, 14, 9, 6, 24, 23, 7, 17, 'codigo', 306),
(2, 1, 9, 23, 11, 4, 17, 21, 19, 24, 18, 6, 25, 8, 22, 12, 16, 'codigo', 307),
(2, 1, 19, 11, 16, 12, 14, 3, 20, 5, 18, 21, 6, 8, 7, 2, 23, 'codigo', 308),
(2, 1, 3, 22, 11, 7, 2, 19, 17, 24, 4, 13, 23, 16, 8, 18, 9, 'codigo', 309),
(2, 1, 17, 3, 10, 5, 14, 11, 22, 7, 13, 20, 21, 24, 25, 8, 2, 'codigo', 310),
(2, 1, 2, 9, 4, 16, 7, 21, 8, 17, 5, 10, 20, 12, 3, 19, 23, 'codigo', 311),
(2, 1, 10, 8, 22, 12, 21, 7, 16, 14, 15, 20, 2, 18, 25, 5, 13, 'codigo', 312),
(2, 1, 23, 7, 20, 17, 4, 2, 22, 18, 16, 8, 14, 5, 24, 3, 15, 'codigo', 313),
(2, 1, 13, 2, 7, 10, 8, 6, 9, 11, 5, 19, 22, 20, 3, 15, 16, 'codigo', 314),
(2, 1, 14, 23, 17, 13, 11, 25, 2, 15, 19, 9, 12, 8, 5, 20, 24, 'codigo', 315),
(2, 1, 17, 11, 9, 3, 15, 4, 18, 10, 23, 20, 25, 7, 21, 12, 19, 'codigo', 316),
(2, 1, 9, 12, 22, 20, 17, 16, 13, 7, 15, 19, 21, 8, 10, 25, 3, 'codigo', 317),
(2, 1, 12, 24, 23, 17, 21, 4, 7, 18, 6, 20, 19, 14, 25, 2, 22, 'codigo', 318),
(2, 1, 2, 7, 11, 17, 22, 20, 6, 24, 25, 23, 13, 16, 5, 18, 8, 'codigo', 319),
(2, 1, 5, 10, 15, 6, 9, 13, 7, 19, 4, 14, 25, 12, 18, 2, 3, 'codigo', 320),
(2, 1, 11, 7, 22, 17, 14, 13, 3, 2, 9, 24, 12, 4, 15, 21, 5, 'codigo', 321),
(2, 1, 23, 3, 18, 22, 24, 10, 7, 5, 4, 6, 11, 14, 15, 19, 2, 'codigo', 322),
(2, 1, 6, 4, 18, 15, 12, 2, 23, 22, 7, 21, 10, 19, 25, 20, 8, 'codigo', 323),
(2, 1, 12, 19, 7, 8, 5, 13, 21, 16, 4, 6, 22, 15, 2, 14, 10, 'codigo', 324),
(2, 1, 11, 24, 3, 13, 12, 21, 17, 2, 7, 5, 14, 4, 6, 22, 9, 'codigo', 325),
(2, 1, 9, 24, 25, 2, 3, 14, 10, 6, 4, 15, 20, 13, 12, 23, 18, 'codigo', 326),
(2, 1, 2, 6, 20, 13, 22, 17, 18, 4, 11, 9, 3, 24, 12, 8, 19, 'codigo', 327),
(2, 1, 24, 16, 13, 20, 22, 3, 18, 6, 19, 7, 21, 12, 9, 14, 5, 'codigo', 328),
(2, 1, 9, 22, 8, 3, 13, 20, 4, 12, 7, 25, 23, 19, 6, 2, 18, 'codigo', 329),
(2, 1, 12, 6, 23, 14, 7, 16, 19, 3, 4, 22, 9, 8, 21, 13, 11, 'codigo', 330),
(2, 1, 18, 11, 10, 23, 8, 6, 20, 5, 13, 4, 19, 9, 15, 7, 21, 'codigo', 331),
(2, 1, 17, 14, 16, 5, 19, 13, 24, 6, 20, 3, 21, 7, 8, 4, 22, 'codigo', 332),
(2, 1, 6, 24, 23, 9, 12, 16, 21, 2, 4, 20, 14, 11, 22, 8, 10, 'codigo', 333),
(2, 1, 4, 3, 19, 10, 15, 9, 2, 16, 8, 25, 12, 5, 11, 20, 24, 'codigo', 334),
(2, 1, 25, 18, 5, 16, 23, 8, 10, 22, 12, 7, 15, 9, 19, 24, 6, 'codigo', 335),
(2, 1, 5, 16, 17, 9, 12, 4, 20, 13, 14, 25, 2, 6, 19, 11, 8, 'codigo', 336),
(2, 1, 10, 18, 19, 11, 2, 24, 22, 7, 13, 14, 15, 5, 6, 21, 9, 'codigo', 337),
(2, 1, 3, 4, 19, 21, 15, 2, 10, 23, 11, 24, 17, 12, 14, 9, 22, 'codigo', 338),
(2, 1, 24, 21, 18, 10, 17, 16, 9, 12, 6, 2, 11, 13, 15, 25, 3, 'codigo', 339),
(2, 1, 5, 13, 22, 24, 15, 18, 6, 3, 12, 16, 21, 19, 9, 20, 14, 'codigo', 340),
(2, 1, 19, 10, 17, 18, 9, 8, 13, 14, 15, 22, 4, 3, 11, 2, 16, 'codigo', 341),
(2, 1, 5, 3, 24, 23, 25, 16, 4, 8, 18, 2, 14, 17, 13, 22, 9, 'codigo', 342),
(2, 1, 22, 2, 4, 12, 24, 17, 9, 11, 23, 8, 3, 10, 5, 18, 15, 'codigo', 343),
(2, 1, 8, 19, 9, 4, 21, 20, 14, 7, 16, 23, 24, 15, 10, 22, 5, 'codigo', 344),
(2, 1, 13, 19, 7, 12, 14, 17, 10, 5, 2, 15, 20, 25, 4, 21, 23, 'codigo', 345),
(2, 1, 8, 3, 19, 6, 17, 5, 7, 15, 16, 18, 24, 21, 2, 12, 22, 'codigo', 346),
(2, 1, 21, 19, 4, 20, 13, 16, 6, 24, 9, 7, 11, 15, 25, 17, 10, 'codigo', 347),
(2, 1, 10, 9, 22, 8, 2, 15, 24, 17, 16, 14, 4, 21, 18, 23, 6, 'codigo', 348),
(2, 1, 14, 18, 6, 12, 16, 11, 2, 3, 17, 21, 23, 24, 22, 4, 13, 'codigo', 349),
(2, 1, 2, 13, 15, 5, 24, 18, 11, 21, 16, 17, 25, 4, 19, 14, 9, 'codigo', 350),
(2, 1, 19, 16, 25, 17, 21, 11, 4, 9, 13, 23, 18, 24, 15, 14, 22, 'codigo', 351),
(2, 1, 7, 10, 9, 14, 16, 15, 2, 23, 22, 13, 4, 12, 20, 24, 21, 'codigo', 352),
(2, 1, 25, 17, 12, 19, 21, 3, 18, 23, 15, 14, 4, 13, 11, 6, 24, 'codigo', 353),
(2, 1, 7, 10, 12, 25, 22, 23, 15, 8, 19, 11, 4, 6, 21, 2, 9, 'codigo', 354),
(2, 1, 9, 4, 16, 22, 14, 25, 5, 21, 7, 2, 23, 3, 24, 18, 20, 'codigo', 355),
(2, 1, 20, 19, 12, 14, 5, 10, 3, 2, 25, 22, 13, 7, 6, 9, 24, 'codigo', 356),
(2, 1, 6, 10, 22, 5, 16, 8, 14, 15, 19, 12, 25, 23, 13, 7, 17, 'codigo', 357),
(2, 1, 17, 22, 3, 24, 21, 4, 20, 5, 14, 10, 9, 7, 15, 23, 18, 'codigo', 358),
(2, 1, 10, 6, 4, 17, 22, 20, 15, 5, 18, 21, 24, 8, 19, 13, 12, 'codigo', 359),
(2, 1, 19, 8, 11, 9, 6, 5, 25, 4, 3, 13, 17, 18, 22, 21, 10, 'codigo', 360),
(2, 1, 4, 24, 11, 15, 14, 18, 19, 23, 3, 7, 2, 13, 9, 10, 8, 'codigo', 361),
(2, 1, 21, 9, 3, 15, 14, 17, 4, 16, 8, 6, 25, 11, 24, 22, 13, 'codigo', 362),
(2, 1, 17, 22, 13, 23, 11, 25, 20, 15, 19, 4, 3, 14, 18, 9, 8, 'codigo', 363),
(2, 1, 23, 21, 20, 22, 9, 19, 24, 25, 4, 15, 2, 13, 3, 10, 17, 'codigo', 364),
(2, 1, 4, 7, 15, 22, 16, 9, 17, 18, 3, 10, 12, 23, 24, 25, 20, 'codigo', 365),
(2, 1, 9, 14, 11, 16, 23, 10, 19, 24, 22, 17, 12, 3, 4, 13, 21, 'codigo', 366),
(2, 1, 13, 12, 6, 3, 14, 24, 16, 18, 9, 4, 8, 17, 15, 19, 5, 'codigo', 367),
(2, 1, 16, 10, 24, 19, 11, 22, 6, 5, 15, 23, 20, 8, 12, 7, 17, 'codigo', 368),
(2, 1, 7, 17, 16, 4, 14, 6, 13, 11, 2, 21, 24, 20, 22, 23, 25, 'codigo', 369),
(2, 1, 17, 19, 2, 24, 11, 4, 22, 6, 9, 14, 18, 7, 5, 10, 16, 'codigo', 370),
(2, 1, 24, 2, 21, 6, 10, 20, 7, 14, 16, 22, 17, 13, 8, 3, 19, 'codigo', 371),
(2, 1, 22, 9, 19, 11, 10, 8, 24, 7, 16, 23, 2, 17, 6, 25, 4, 'codigo', 372),
(2, 1, 4, 16, 21, 12, 14, 11, 19, 15, 13, 23, 9, 5, 7, 17, 10, 'codigo', 373),
(2, 1, 23, 18, 14, 15, 5, 25, 9, 8, 6, 2, 21, 16, 19, 12, 10, 'codigo', 374),
(2, 1, 15, 14, 23, 10, 13, 18, 11, 9, 16, 22, 7, 12, 6, 19, 24, 'codigo', 375),
(2, 1, 15, 20, 22, 10, 14, 25, 11, 6, 5, 18, 9, 21, 4, 8, 7, 'codigo', 376),
(2, 1, 10, 15, 3, 8, 22, 23, 13, 5, 19, 4, 9, 7, 6, 2, 21, 'codigo', 377),
(2, 1, 5, 14, 4, 15, 11, 17, 7, 24, 25, 10, 12, 18, 9, 22, 2, 'codigo', 378),
(2, 1, 10, 24, 6, 4, 11, 23, 13, 5, 17, 7, 3, 8, 14, 9, 19, 'codigo', 379),
(2, 1, 23, 15, 20, 13, 17, 2, 24, 7, 16, 8, 9, 22, 21, 4, 12, 'codigo', 380),
(2, 1, 25, 16, 5, 2, 22, 6, 10, 18, 13, 4, 20, 11, 19, 7, 15, 'codigo', 381),
(2, 1, 24, 8, 12, 23, 9, 15, 18, 14, 11, 22, 4, 2, 6, 3, 13, 'codigo', 382),
(2, 1, 17, 19, 12, 8, 9, 22, 23, 2, 21, 25, 24, 15, 18, 14, 11, 'codigo', 383),
(2, 1, 12, 17, 15, 24, 14, 2, 23, 9, 6, 10, 7, 21, 13, 11, 25, 'codigo', 384),
(2, 1, 16, 3, 21, 22, 25, 7, 9, 5, 2, 8, 14, 24, 23, 20, 11, 'codigo', 385),
(2, 1, 3, 6, 12, 8, 9, 5, 14, 4, 25, 11, 22, 10, 18, 21, 7, 'codigo', 386),
(2, 1, 4, 23, 17, 9, 15, 19, 11, 22, 16, 12, 25, 13, 2, 7, 18, 'codigo', 387),
(2, 1, 15, 8, 25, 10, 7, 18, 16, 9, 5, 4, 12, 22, 21, 23, 11, 'codigo', 388),
(2, 1, 14, 10, 4, 20, 18, 7, 9, 17, 16, 13, 24, 12, 8, 19, 6, 'codigo', 389),
(2, 1, 20, 25, 4, 19, 5, 23, 14, 3, 18, 12, 10, 7, 21, 11, 17, 'codigo', 390),
(2, 1, 21, 19, 16, 23, 6, 9, 13, 25, 20, 24, 15, 18, 17, 10, 4, 'codigo', 391),
(2, 1, 9, 12, 17, 15, 21, 2, 6, 24, 7, 4, 18, 8, 5, 20, 19, 'codigo', 392),
(2, 1, 19, 5, 12, 17, 18, 20, 22, 11, 16, 2, 23, 6, 24, 4, 3, 'codigo', 393),
(2, 1, 4, 8, 23, 22, 14, 3, 5, 16, 7, 6, 12, 11, 13, 24, 15, 'codigo', 394),
(2, 1, 4, 10, 11, 8, 17, 19, 15, 5, 13, 21, 23, 24, 18, 3, 16, 'codigo', 395),
(2, 1, 22, 16, 24, 19, 12, 4, 2, 21, 5, 14, 13, 25, 20, 6, 15, 'codigo', 396),
(2, 1, 25, 9, 14, 12, 13, 17, 4, 8, 11, 24, 23, 20, 2, 16, 19, 'codigo', 397),
(2, 1, 16, 4, 14, 15, 7, 18, 3, 8, 19, 25, 17, 13, 22, 5, 10, 'codigo', 398),
(2, 1, 9, 20, 15, 16, 13, 23, 10, 2, 3, 5, 11, 18, 6, 21, 4, 'codigo', 399),
(2, 1, 3, 22, 14, 24, 15, 19, 5, 10, 12, 23, 16, 11, 21, 17, 18, 'codigo', 400),
(2, 1, 18, 7, 6, 5, 11, 15, 20, 21, 16, 3, 12, 8, 23, 24, 10, 'codigo', 401),
(2, 1, 12, 25, 3, 16, 2, 13, 11, 15, 19, 8, 10, 17, 20, 6, 4, 'codigo', 402),
(2, 1, 8, 2, 22, 17, 16, 11, 13, 5, 9, 15, 19, 14, 10, 18, 12, 'codigo', 403),
(2, 1, 17, 14, 9, 15, 25, 6, 20, 2, 18, 10, 16, 12, 13, 3, 11, 'codigo', 404),
(2, 1, 17, 18, 10, 11, 3, 6, 19, 4, 14, 25, 23, 13, 5, 7, 16, 'codigo', 405),
(2, 1, 16, 13, 2, 15, 24, 5, 9, 4, 14, 10, 18, 23, 11, 3, 8, 'codigo', 406),
(2, 1, 25, 9, 8, 15, 23, 17, 13, 24, 11, 22, 2, 5, 7, 19, 18, 'codigo', 407),
(2, 1, 8, 23, 3, 22, 5, 10, 13, 20, 19, 7, 17, 25, 9, 11, 12, 'codigo', 408),
(2, 1, 23, 4, 9, 21, 24, 8, 15, 7, 19, 16, 17, 13, 20, 6, 14, 'codigo', 409),
(2, 1, 6, 21, 25, 11, 15, 12, 10, 14, 23, 3, 13, 2, 24, 5, 8, 'codigo', 410),
(2, 1, 12, 19, 16, 5, 18, 21, 13, 4, 24, 17, 2, 15, 3, 7, 22, 'codigo', 411),
(2, 1, 5, 4, 2, 22, 10, 25, 6, 7, 16, 11, 24, 18, 17, 20, 3, 'codigo', 412),
(2, 1, 22, 16, 18, 23, 12, 21, 4, 25, 14, 15, 10, 11, 20, 6, 24, 'codigo', 413),
(2, 1, 13, 10, 16, 4, 18, 19, 6, 11, 21, 23, 7, 22, 15, 14, 2, 'codigo', 414),
(2, 1, 3, 6, 17, 21, 14, 12, 11, 7, 4, 15, 2, 5, 10, 24, 22, 'codigo', 415),
(2, 1, 3, 4, 7, 23, 16, 22, 6, 15, 19, 11, 20, 18, 17, 10, 12, 'codigo', 416),
(2, 1, 3, 20, 16, 4, 5, 15, 21, 12, 13, 8, 6, 19, 17, 14, 9, 'codigo', 417),
(2, 1, 24, 10, 21, 25, 2, 11, 3, 17, 6, 14, 13, 23, 19, 22, 20, 'codigo', 418),
(2, 1, 13, 19, 7, 5, 15, 20, 21, 10, 18, 4, 9, 12, 23, 22, 6, 'codigo', 419),
(2, 1, 25, 15, 2, 12, 22, 18, 13, 14, 9, 20, 10, 21, 8, 7, 23, 'codigo', 420),
(2, 1, 10, 3, 4, 13, 6, 25, 9, 14, 23, 24, 5, 15, 8, 22, 7, 'codigo', 421),
(2, 1, 3, 5, 15, 6, 19, 10, 11, 20, 7, 4, 17, 21, 14, 25, 16, 'codigo', 422),
(2, 1, 16, 12, 17, 9, 14, 4, 15, 23, 10, 21, 6, 19, 24, 7, 5, 'codigo', 423),
(2, 1, 17, 11, 2, 9, 19, 5, 12, 18, 24, 13, 4, 22, 14, 10, 16, 'codigo', 424),
(2, 1, 25, 12, 24, 19, 9, 22, 4, 5, 6, 15, 17, 8, 23, 2, 16, 'codigo', 425),
(2, 1, 21, 17, 9, 23, 11, 7, 25, 13, 6, 5, 12, 14, 19, 8, 15, 'codigo', 426),
(2, 1, 11, 8, 20, 24, 25, 23, 5, 3, 2, 14, 7, 13, 19, 18, 4, 'codigo', 427),
(2, 1, 3, 8, 2, 5, 18, 25, 15, 23, 12, 17, 6, 7, 13, 22, 24, 'codigo', 428),
(2, 1, 2, 3, 20, 17, 5, 22, 23, 9, 7, 8, 4, 6, 24, 16, 25, 'codigo', 429),
(2, 1, 13, 23, 2, 18, 10, 24, 9, 7, 6, 21, 25, 19, 16, 4, 8, 'codigo', 430),
(2, 1, 19, 5, 16, 13, 4, 21, 20, 18, 17, 8, 10, 9, 22, 24, 6, 'codigo', 431),
(2, 1, 24, 22, 23, 21, 20, 15, 12, 25, 11, 17, 19, 5, 10, 9, 16, 'codigo', 432),
(2, 1, 6, 5, 10, 14, 13, 19, 4, 3, 9, 25, 15, 8, 18, 16, 7, 'codigo', 433),
(2, 1, 5, 7, 20, 21, 17, 22, 25, 3, 23, 12, 11, 15, 8, 10, 24, 'codigo', 434),
(2, 1, 11, 14, 8, 17, 21, 4, 9, 24, 13, 16, 20, 10, 19, 7, 12, 'codigo', 435),
(2, 1, 3, 2, 15, 7, 24, 17, 16, 5, 8, 4, 18, 25, 20, 12, 21, 'codigo', 436),
(2, 1, 16, 20, 24, 3, 4, 15, 5, 14, 8, 21, 12, 13, 19, 17, 25, 'codigo', 437),
(2, 1, 2, 18, 4, 19, 22, 17, 7, 24, 13, 16, 15, 3, 9, 10, 21, 'codigo', 438),
(2, 1, 19, 11, 21, 14, 7, 9, 6, 24, 3, 17, 10, 15, 5, 16, 25, 'codigo', 439),
(2, 1, 12, 10, 5, 18, 14, 7, 2, 4, 19, 16, 25, 3, 23, 24, 17, 'codigo', 440),
(2, 1, 13, 21, 16, 15, 4, 20, 19, 22, 8, 17, 12, 18, 11, 24, 6, 'codigo', 441),
(2, 1, 18, 13, 9, 19, 23, 12, 7, 25, 20, 8, 2, 5, 22, 4, 15, 'codigo', 442),
(2, 1, 19, 14, 3, 4, 6, 8, 16, 11, 12, 25, 18, 24, 15, 23, 10, 'codigo', 443),
(2, 1, 6, 24, 7, 10, 21, 16, 20, 15, 18, 14, 25, 9, 23, 19, 13, 'codigo', 444),
(2, 1, 25, 24, 22, 12, 2, 10, 9, 11, 15, 8, 5, 14, 3, 23, 19, 'codigo', 445),
(2, 1, 8, 4, 14, 12, 10, 18, 24, 3, 23, 2, 7, 20, 6, 13, 19, 'codigo', 446),
(2, 1, 20, 13, 8, 2, 24, 16, 23, 18, 7, 17, 14, 25, 19, 22, 11, 'codigo', 447),
(2, 1, 10, 16, 14, 4, 7, 22, 19, 9, 11, 5, 2, 24, 6, 21, 23, 'codigo', 448),
(2, 1, 25, 7, 6, 2, 16, 11, 24, 4, 12, 14, 17, 10, 22, 20, 13, 'codigo', 449),
(2, 1, 4, 20, 5, 23, 9, 2, 3, 19, 8, 21, 24, 7, 18, 10, 17, 'codigo', 450),
(2, 1, 24, 9, 19, 7, 16, 6, 3, 25, 11, 14, 10, 12, 22, 20, 5, 'codigo', 451),
(2, 1, 2, 20, 7, 23, 6, 5, 16, 3, 11, 21, 10, 12, 14, 8, 4, 'codigo', 452),
(2, 1, 19, 6, 15, 23, 13, 3, 25, 10, 12, 8, 21, 4, 22, 9, 17, 'codigo', 453),
(2, 1, 3, 17, 13, 7, 8, 24, 5, 10, 14, 22, 23, 18, 20, 11, 19, 'codigo', 454),
(2, 1, 19, 5, 3, 16, 14, 17, 20, 25, 11, 13, 4, 8, 21, 22, 15, 'codigo', 455),
(2, 1, 3, 7, 6, 11, 18, 8, 15, 20, 16, 19, 24, 22, 17, 4, 2, 'codigo', 456),
(2, 1, 24, 11, 5, 2, 17, 23, 10, 19, 21, 6, 8, 22, 9, 18, 15, 'codigo', 457),
(2, 1, 24, 5, 16, 4, 14, 8, 15, 7, 2, 19, 10, 23, 25, 21, 13, 'codigo', 458),
(2, 1, 3, 12, 14, 15, 5, 8, 19, 17, 23, 24, 25, 21, 18, 6, 16, 'codigo', 459),
(2, 1, 8, 17, 9, 3, 25, 19, 24, 23, 11, 13, 15, 20, 7, 16, 10, 'codigo', 460),
(2, 1, 20, 18, 7, 24, 21, 8, 23, 5, 11, 14, 25, 15, 12, 17, 22, 'codigo', 461),
(2, 1, 19, 4, 16, 17, 24, 11, 13, 23, 20, 8, 6, 25, 18, 22, 7, 'codigo', 462),
(2, 1, 11, 21, 20, 18, 14, 22, 9, 24, 10, 2, 8, 7, 5, 4, 13, 'codigo', 463),
(2, 1, 11, 19, 13, 9, 23, 6, 5, 18, 3, 2, 4, 7, 16, 22, 20, 'codigo', 464),
(2, 1, 18, 21, 8, 19, 16, 9, 15, 7, 10, 14, 24, 4, 5, 11, 3, 'codigo', 465),
(2, 1, 18, 3, 7, 24, 15, 23, 20, 4, 10, 11, 14, 2, 9, 13, 19, 'codigo', 466),
(2, 1, 8, 16, 20, 9, 15, 18, 22, 25, 23, 17, 3, 14, 2, 24, 10, 'codigo', 467),
(2, 1, 16, 3, 13, 5, 18, 25, 4, 15, 20, 9, 24, 19, 23, 17, 12, 'codigo', 468),
(2, 1, 11, 25, 3, 18, 10, 12, 9, 5, 22, 15, 23, 2, 21, 4, 20, 'codigo', 469),
(2, 1, 21, 12, 2, 6, 4, 14, 24, 13, 9, 23, 16, 11, 3, 19, 25, 'codigo', 470),
(2, 1, 24, 22, 21, 18, 25, 9, 16, 5, 3, 11, 2, 15, 7, 14, 23, 'codigo', 471),
(2, 1, 9, 20, 18, 4, 3, 5, 7, 16, 6, 14, 15, 25, 8, 2, 11, 'codigo', 472),
(2, 1, 17, 22, 4, 13, 6, 15, 12, 11, 10, 18, 23, 19, 20, 16, 3, 'codigo', 473),
(2, 1, 22, 9, 8, 5, 14, 21, 3, 16, 15, 19, 24, 7, 18, 4, 2, 'codigo', 474),
(2, 1, 10, 15, 23, 2, 5, 19, 11, 20, 8, 22, 16, 3, 4, 24, 13, 'codigo', 475),
(2, 1, 17, 23, 15, 8, 3, 7, 18, 21, 4, 19, 2, 9, 12, 20, 25, 'codigo', 476),
(2, 1, 3, 7, 20, 10, 18, 11, 16, 12, 4, 14, 15, 8, 17, 13, 24, 'codigo', 477),
(2, 1, 22, 11, 5, 9, 18, 8, 16, 23, 7, 6, 3, 20, 13, 24, 14, 'codigo', 478),
(2, 1, 19, 14, 13, 5, 10, 25, 18, 22, 11, 8, 4, 17, 12, 24, 9, 'codigo', 479),
(2, 1, 13, 16, 17, 19, 21, 14, 20, 9, 25, 6, 3, 5, 24, 8, 4, 'codigo', 480),
(2, 1, 18, 12, 9, 22, 6, 5, 7, 13, 2, 8, 24, 23, 15, 20, 4, 'codigo', 481),
(2, 1, 24, 8, 7, 23, 18, 15, 6, 20, 22, 4, 10, 5, 14, 13, 11, 'codigo', 482),
(2, 1, 8, 16, 18, 19, 2, 9, 12, 7, 20, 23, 13, 17, 14, 5, 10, 'codigo', 483),
(2, 1, 18, 5, 16, 15, 10, 24, 12, 14, 25, 23, 22, 2, 19, 17, 4, 'codigo', 484),
(2, 1, 21, 2, 10, 3, 23, 12, 13, 25, 15, 7, 18, 14, 4, 6, 17, 'codigo', 485),
(2, 1, 22, 19, 20, 18, 3, 2, 17, 24, 25, 13, 8, 11, 7, 4, 23, 'codigo', 486),
(2, 1, 20, 21, 8, 16, 6, 10, 24, 14, 9, 23, 7, 19, 25, 4, 17, 'codigo', 487),
(2, 1, 23, 2, 16, 11, 6, 5, 12, 8, 9, 19, 17, 24, 21, 4, 3, 'codigo', 488),
(2, 1, 21, 4, 23, 14, 5, 8, 12, 16, 9, 2, 18, 19, 11, 6, 17, 'codigo', 489),
(2, 1, 11, 25, 18, 9, 23, 4, 6, 10, 24, 22, 19, 8, 15, 2, 16, 'codigo', 490),
(2, 1, 21, 22, 16, 18, 3, 14, 2, 19, 5, 10, 17, 15, 8, 4, 25, 'codigo', 491),
(2, 1, 13, 9, 17, 5, 6, 3, 25, 11, 16, 15, 21, 23, 24, 2, 10, 'codigo', 492),
(2, 1, 10, 19, 24, 22, 16, 18, 15, 21, 12, 5, 23, 3, 4, 20, 7, 'codigo', 493),
(2, 1, 18, 2, 7, 9, 12, 4, 23, 22, 17, 20, 3, 8, 16, 25, 24, 'codigo', 494),
(2, 1, 16, 13, 6, 5, 4, 22, 3, 7, 11, 21, 9, 8, 23, 17, 20, 'codigo', 495),
(2, 1, 16, 25, 2, 9, 11, 10, 24, 17, 4, 13, 6, 3, 8, 19, 15, 'codigo', 496),
(2, 1, 24, 10, 4, 20, 25, 23, 8, 21, 5, 6, 12, 3, 14, 16, 18, 'codigo', 497),
(2, 1, 17, 24, 8, 2, 4, 11, 12, 6, 20, 16, 22, 18, 7, 10, 21, 'codigo', 498),
(2, 1, 25, 4, 8, 2, 6, 24, 17, 15, 5, 21, 9, 16, 22, 10, 23, 'codigo', 499),
(2, 1, 21, 16, 25, 5, 6, 12, 14, 24, 4, 8, 9, 17, 13, 3, 18, 'codigo', 500),
(2, 1, 11, 16, 19, 22, 15, 6, 25, 12, 18, 9, 3, 14, 13, 7, 20, 'codigo', 501),
(2, 1, 4, 19, 5, 22, 2, 15, 7, 20, 18, 3, 14, 9, 23, 21, 25, 'codigo', 502),
(2, 1, 21, 18, 14, 5, 2, 6, 11, 3, 10, 7, 19, 12, 16, 24, 15, 'codigo', 503),
(2, 1, 22, 11, 6, 25, 3, 21, 8, 13, 15, 23, 16, 10, 20, 5, 9, 'codigo', 504),
(2, 1, 7, 19, 20, 12, 22, 16, 15, 25, 2, 8, 17, 18, 9, 14, 4, 'codigo', 505),
(2, 1, 19, 21, 24, 17, 5, 18, 25, 3, 13, 2, 7, 22, 23, 15, 14, 'codigo', 506),
(2, 1, 15, 9, 13, 17, 11, 20, 18, 25, 5, 3, 4, 23, 19, 6, 24, 'codigo', 507),
(2, 1, 22, 14, 16, 21, 20, 23, 24, 15, 6, 25, 8, 7, 11, 2, 18, 'codigo', 508),
(2, 1, 4, 22, 8, 24, 14, 19, 3, 2, 18, 5, 15, 12, 20, 23, 25, 'codigo', 509),
(2, 1, 4, 16, 22, 8, 15, 9, 7, 12, 5, 6, 13, 21, 11, 2, 20, 'codigo', 510),
(2, 1, 9, 5, 25, 4, 19, 24, 22, 3, 23, 12, 6, 16, 17, 11, 8, 'codigo', 511),
(2, 1, 18, 2, 22, 15, 6, 17, 19, 12, 20, 7, 24, 23, 3, 8, 5, 'codigo', 512),
(2, 1, 6, 21, 10, 14, 3, 13, 4, 17, 15, 22, 2, 24, 25, 18, 20, 'codigo', 513),
(2, 1, 23, 18, 20, 22, 3, 6, 21, 25, 16, 19, 17, 13, 9, 5, 10, 'codigo', 514),
(2, 1, 25, 4, 3, 11, 12, 24, 13, 17, 22, 6, 2, 7, 19, 15, 18, 'codigo', 515),
(2, 1, 25, 23, 3, 18, 21, 10, 6, 4, 9, 5, 14, 2, 22, 16, 20, 'codigo', 516),
(2, 1, 11, 18, 7, 23, 15, 5, 14, 20, 4, 2, 21, 19, 3, 12, 22, 'codigo', 517),
(2, 1, 25, 8, 21, 23, 15, 7, 12, 13, 19, 17, 2, 9, 22, 3, 10, 'codigo', 518),
(2, 1, 9, 16, 22, 11, 2, 13, 10, 17, 3, 15, 12, 25, 21, 19, 5, 'codigo', 519),
(2, 1, 11, 21, 22, 14, 12, 7, 16, 15, 5, 2, 25, 19, 9, 17, 18, 'codigo', 520),
(2, 1, 22, 17, 16, 11, 23, 14, 3, 21, 24, 19, 9, 8, 6, 25, 7, 'codigo', 521),
(2, 1, 15, 21, 14, 13, 8, 9, 16, 6, 20, 10, 17, 5, 4, 7, 24, 'codigo', 522),
(2, 1, 8, 10, 23, 17, 14, 18, 9, 5, 11, 21, 7, 6, 12, 2, 4, 'codigo', 523),
(2, 1, 10, 17, 19, 20, 18, 13, 24, 3, 23, 7, 12, 14, 9, 6, 25, 'codigo', 524),
(2, 1, 7, 4, 16, 15, 8, 6, 25, 24, 14, 23, 12, 9, 2, 5, 20, 'codigo', 525),
(2, 1, 6, 12, 10, 19, 7, 14, 4, 9, 21, 13, 2, 25, 15, 22, 23, 'ETJXgzz6tUXgeEBxG', 526),
(2, 1, 19, 4, 15, 8, 23, 2, 14, 24, 22, 20, 21, 13, 9, 10, 7, 'ETJXgzz6tUXgeEBxG', 527),
(2, 1, 5, 19, 22, 21, 10, 4, 25, 6, 20, 8, 7, 24, 14, 12, 23, 'ETJXgzz6tUXgeEBxG', 528),
(2, 1, 14, 7, 19, 15, 12, 6, 5, 8, 22, 20, 9, 24, 23, 21, 4, 'ETJXgzz6tUXgeEBxG', 529),
(2, 1, 8, 15, 24, 23, 20, 22, 4, 6, 25, 21, 2, 12, 5, 9, 19, 'ETJXgzz6tUXgeEBxG', 530),
(2, 1, 4, 24, 21, 7, 6, 25, 12, 8, 14, 15, 13, 9, 10, 5, 22, 'ETJXgzz6tUXgeEBxG', 531),
(2, 1, 20, 25, 13, 9, 24, 4, 15, 21, 12, 8, 14, 2, 6, 5, 19, 'ETJXgzz6tUXgeEBxG', 532),
(2, 1, 21, 25, 19, 15, 12, 10, 23, 8, 7, 20, 6, 24, 22, 13, 14, 'ETJXgzz6tUXgeEBxG', 533),
(2, 1, 6, 8, 9, 25, 21, 24, 20, 7, 14, 2, 12, 19, 10, 22, 5, 'ETJXgzz6tUXgeEBxG', 534),
(2, 1, 21, 20, 2, 13, 24, 12, 9, 15, 7, 14, 23, 22, 5, 4, 19, 'ETJXgzz6tUXgeEBxG', 535),
(2, 1, 7, 9, 20, 4, 24, 5, 12, 23, 8, 10, 22, 21, 25, 13, 2, 'ETJXgzz6tUXgeEBxG', 536),
(2, 1, 8, 9, 12, 13, 7, 23, 15, 6, 4, 21, 20, 25, 22, 14, 10, 'ETJXgzz6tUXgeEBxG', 537),
(2, 1, 21, 4, 2, 13, 6, 25, 8, 24, 12, 20, 14, 9, 10, 7, 19, 'ETJXgzz6tUXgeEBxG', 538),
(2, 1, 12, 20, 23, 24, 19, 7, 22, 4, 2, 5, 6, 25, 13, 14, 10, 'ETJXgzz6tUXgeEBxG', 539),
(2, 1, 10, 20, 24, 25, 12, 19, 15, 13, 6, 2, 14, 23, 5, 8, 4, 'ETJXgzz6tUXgeEBxG', 540),
(2, 1, 8, 9, 21, 25, 7, 6, 24, 2, 12, 10, 23, 19, 4, 15, 22, 'ETJXgzz6tUXgeEBxG', 541),
(2, 1, 4, 20, 23, 2, 6, 7, 19, 10, 8, 9, 22, 15, 25, 24, 5, 'ETJXgzz6tUXgeEBxG', 542),
(2, 1, 20, 4, 15, 23, 25, 21, 2, 13, 10, 14, 12, 22, 24, 19, 8, 'ETJXgzz6tUXgeEBxG', 543),
(2, 1, 21, 7, 20, 5, 2, 25, 12, 4, 6, 23, 22, 13, 10, 8, 24, 'ETJXgzz6tUXgeEBxG', 544),
(2, 1, 20, 13, 24, 21, 6, 9, 5, 25, 15, 14, 22, 8, 12, 19, 2, 'ETJXgzz6tUXgeEBxG', 545),
(2, 1, 12, 10, 14, 22, 21, 24, 23, 2, 15, 20, 13, 4, 5, 25, 6, 'ETJXgzz6tUXgeEBxG', 546),
(2, 1, 4, 7, 19, 6, 22, 12, 15, 8, 14, 13, 9, 21, 5, 24, 25, 'ETJXgzz6tUXgeEBxG', 547),
(2, 1, 8, 10, 6, 19, 13, 14, 22, 25, 2, 20, 15, 5, 24, 23, 4, 'ETJXgzz6tUXgeEBxG', 548),
(2, 1, 20, 12, 2, 9, 14, 7, 13, 24, 21, 8, 4, 23, 15, 25, 10, 'ETJXgzz6tUXgeEBxG', 549),
(2, 1, 22, 5, 23, 6, 21, 14, 9, 15, 12, 7, 10, 25, 19, 8, 2, 'ETJXgzz6tUXgeEBxG', 550),
(2, 1, 5, 14, 9, 12, 2, 20, 4, 10, 23, 13, 19, 25, 8, 24, 6, 'ETJXgzz6tUXgeEBxG', 551),
(2, 1, 5, 12, 9, 7, 8, 14, 24, 4, 19, 10, 22, 15, 21, 13, 6, 'ETJXgzz6tUXgeEBxG', 552),
(2, 1, 9, 13, 12, 6, 21, 15, 22, 19, 2, 8, 7, 10, 4, 20, 5, 'ETJXgzz6tUXgeEBxG', 553),
(2, 1, 21, 7, 8, 2, 5, 25, 4, 22, 10, 23, 19, 13, 6, 14, 24, 'ETJXgzz6tUXgeEBxG', 554),
(2, 1, 23, 8, 21, 13, 22, 19, 9, 5, 25, 7, 6, 4, 20, 10, 14, 'ETJXgzz6tUXgeEBxG', 555),
(2, 1, 24, 25, 20, 15, 8, 23, 22, 7, 5, 4, 6, 9, 21, 10, 13, 'ETJXgzz6tUXgeEBxG', 556),
(2, 1, 20, 8, 6, 25, 9, 21, 23, 10, 19, 13, 2, 15, 7, 5, 22, 'ETJXgzz6tUXgeEBxG', 557),
(2, 1, 4, 8, 19, 21, 7, 15, 14, 23, 12, 22, 6, 9, 13, 25, 24, 'ETJXgzz6tUXgeEBxG', 558),
(2, 1, 12, 9, 23, 2, 4, 7, 15, 5, 22, 8, 13, 6, 10, 21, 14, 'ETJXgzz6tUXgeEBxG', 559),
(2, 1, 13, 10, 20, 2, 6, 4, 5, 15, 23, 25, 14, 19, 9, 22, 21, 'ETJXgzz6tUXgeEBxG', 560),
(2, 1, 19, 14, 9, 4, 22, 23, 15, 13, 5, 12, 7, 20, 6, 21, 24, 'ETJXgzz6tUXgeEBxG', 561),
(2, 1, 6, 8, 22, 5, 23, 25, 13, 7, 2, 19, 24, 15, 12, 20, 9, 'ETJXgzz6tUXgeEBxG', 562),
(2, 1, 9, 21, 8, 20, 15, 4, 23, 7, 2, 22, 5, 6, 13, 19, 25, 'ETJXgzz6tUXgeEBxG', 563),
(2, 1, 10, 8, 7, 4, 13, 19, 6, 14, 23, 12, 24, 2, 15, 5, 21, 'ETJXgzz6tUXgeEBxG', 564),
(2, 1, 21, 14, 4, 10, 7, 9, 20, 6, 8, 24, 12, 13, 23, 15, 22, 'ETJXgzz6tUXgeEBxG', 565),
(2, 1, 6, 8, 10, 7, 21, 20, 19, 4, 15, 5, 13, 23, 22, 25, 9, 'ETJXgzz6tUXgeEBxG', 566),
(2, 1, 25, 14, 5, 9, 21, 6, 7, 12, 13, 24, 23, 15, 20, 10, 8, 'ETJXgzz6tUXgeEBxG', 567),
(2, 1, 25, 6, 15, 23, 13, 10, 2, 21, 20, 12, 4, 8, 5, 14, 9, 'ETJXgzz6tUXgeEBxG', 568),
(2, 1, 5, 9, 2, 4, 14, 13, 22, 8, 6, 19, 24, 23, 15, 10, 12, 'ETJXgzz6tUXgeEBxG', 569),
(2, 1, 2, 20, 21, 25, 4, 12, 13, 6, 23, 15, 22, 5, 7, 19, 8, 'ETJXgzz6tUXgeEBxG', 570),
(2, 1, 7, 6, 21, 23, 2, 15, 13, 12, 10, 8, 19, 4, 14, 9, 20, 'ETJXgzz6tUXgeEBxG', 571),
(2, 1, 23, 9, 21, 14, 24, 7, 4, 15, 22, 25, 10, 12, 2, 8, 20, 'ETJXgzz6tUXgeEBxG', 572),
(2, 1, 4, 19, 5, 24, 21, 22, 2, 9, 13, 10, 23, 12, 7, 14, 6, 'ETJXgzz6tUXgeEBxG', 573),
(2, 1, 10, 2, 14, 24, 19, 15, 21, 23, 22, 5, 20, 8, 13, 4, 6, 'ETJXgzz6tUXgeEBxG', 574),
(2, 1, 13, 25, 21, 20, 23, 2, 6, 22, 19, 15, 10, 7, 4, 12, 8, 'ETJXgzz6tUXgeEBxG', 575),
(2, 1, 14, 8, 20, 9, 12, 2, 25, 19, 24, 6, 7, 13, 21, 5, 4, 'ETJXgzz6tUXgeEBxG', 576),
(2, 1, 25, 23, 7, 9, 14, 2, 15, 8, 6, 4, 21, 10, 13, 24, 20, 'ETJXgzz6tUXgeEBxG', 577),
(2, 1, 4, 10, 12, 24, 5, 14, 15, 22, 2, 21, 7, 25, 8, 20, 13, 'ETJXgzz6tUXgeEBxG', 578),
(2, 1, 15, 2, 12, 7, 9, 25, 4, 22, 14, 20, 23, 21, 13, 19, 8, 'ETJXgzz6tUXgeEBxG', 579),
(2, 1, 24, 19, 8, 10, 13, 14, 12, 21, 20, 6, 7, 9, 4, 2, 5, 'ETJXgzz6tUXgeEBxG', 580),
(2, 1, 6, 9, 25, 14, 15, 22, 7, 19, 10, 12, 8, 5, 23, 20, 24, 'ETJXgzz6tUXgeEBxG', 581),
(2, 1, 6, 22, 9, 2, 21, 12, 5, 8, 4, 25, 20, 13, 7, 23, 10, 'ETJXgzz6tUXgeEBxG', 582),
(2, 1, 21, 15, 10, 12, 13, 14, 7, 2, 6, 9, 22, 25, 5, 8, 23, 'ETJXgzz6tUXgeEBxG', 583),
(2, 1, 7, 22, 21, 6, 5, 13, 10, 14, 25, 12, 20, 23, 9, 2, 24, 'ETJXgzz6tUXgeEBxG', 584),
(2, 1, 20, 2, 21, 5, 23, 14, 13, 15, 4, 8, 9, 19, 7, 12, 24, 'ETJXgzz6tUXgeEBxG', 585),
(2, 1, 14, 6, 12, 20, 2, 21, 10, 4, 25, 19, 24, 7, 22, 15, 13, 'ETJXgzz6tUXgeEBxG', 586),
(2, 1, 20, 14, 4, 9, 21, 13, 23, 8, 22, 2, 19, 6, 24, 15, 7, 'ETJXgzz6tUXgeEBxG', 587),
(2, 1, 6, 20, 7, 9, 5, 8, 25, 10, 13, 22, 21, 12, 19, 4, 14, 'ETJXgzz6tUXgeEBxG', 588),
(2, 1, 22, 14, 23, 7, 21, 2, 10, 20, 24, 6, 12, 19, 5, 25, 8, 'ETJXgzz6tUXgeEBxG', 589),
(2, 1, 14, 15, 9, 21, 10, 7, 19, 24, 23, 8, 25, 13, 22, 6, 12, 'ETJXgzz6tUXgeEBxG', 590),
(2, 1, 4, 22, 5, 7, 19, 9, 14, 12, 21, 10, 23, 20, 2, 13, 8, 'ETJXgzz6tUXgeEBxG', 591),
(2, 1, 20, 4, 2, 5, 8, 25, 7, 9, 21, 19, 22, 10, 14, 6, 23, 'ETJXgzz6tUXgeEBxG', 592),
(2, 1, 8, 20, 4, 19, 12, 7, 15, 24, 23, 21, 10, 22, 13, 25, 9, 'ETJXgzz6tUXgeEBxG', 593),
(2, 1, 20, 6, 10, 22, 13, 24, 14, 25, 15, 8, 5, 12, 7, 2, 19, 'ETJXgzz6tUXgeEBxG', 594),
(2, 1, 2, 20, 25, 8, 19, 12, 10, 9, 21, 24, 15, 5, 23, 6, 22, 'ETJXgzz6tUXgeEBxG', 595),
(2, 1, 25, 4, 15, 24, 2, 13, 8, 7, 12, 9, 21, 19, 20, 23, 10, 'ETJXgzz6tUXgeEBxG', 596),
(2, 1, 14, 10, 20, 4, 6, 7, 24, 5, 22, 13, 2, 23, 25, 19, 21, 'ETJXgzz6tUXgeEBxG', 597),
(2, 1, 10, 13, 12, 8, 22, 19, 24, 9, 14, 21, 25, 2, 20, 6, 15, 'ETJXgzz6tUXgeEBxG', 598),
(2, 1, 20, 9, 23, 22, 24, 6, 13, 15, 4, 10, 5, 7, 25, 2, 21, 'ETJXgzz6tUXgeEBxG', 599),
(2, 1, 15, 12, 6, 23, 8, 19, 14, 7, 22, 24, 13, 9, 5, 25, 2, 'ETJXgzz6tUXgeEBxG', 600),
(2, 1, 7, 3, 15, 8, 5, 16, 22, 6, 10, 17, 24, 18, 2, 23, 20, 'ZVVsw3zE3zX3q3jsY', 601),
(2, 1, 22, 5, 18, 20, 15, 25, 6, 16, 9, 23, 17, 3, 24, 10, 21, 'ZVVsw3zE3zX3q3jsY', 602),
(2, 1, 25, 14, 24, 22, 10, 21, 3, 6, 9, 16, 20, 15, 7, 2, 18, 'ZVVsw3zE3zX3q3jsY', 603),
(2, 1, 21, 16, 22, 7, 17, 3, 9, 24, 6, 15, 2, 5, 10, 23, 20, 'ZVVsw3zE3zX3q3jsY', 604),
(2, 1, 15, 6, 24, 2, 3, 20, 25, 22, 21, 17, 16, 7, 5, 23, 9, 'ZVVsw3zE3zX3q3jsY', 605),
(2, 1, 7, 14, 24, 10, 16, 18, 9, 23, 8, 15, 25, 17, 2, 6, 3, 'ZVVsw3zE3zX3q3jsY', 606),
(2, 1, 25, 15, 24, 14, 23, 5, 9, 18, 16, 6, 21, 10, 3, 8, 17, 'ZVVsw3zE3zX3q3jsY', 607),
(2, 1, 14, 2, 15, 22, 17, 24, 6, 9, 25, 21, 10, 20, 23, 18, 8, 'ZVVsw3zE3zX3q3jsY', 608),
(2, 1, 14, 10, 24, 3, 9, 15, 16, 23, 7, 25, 22, 17, 8, 2, 6, 'ZVVsw3zE3zX3q3jsY', 609),
(2, 1, 10, 8, 6, 5, 25, 2, 17, 20, 3, 16, 15, 7, 21, 9, 18, 'ZVVsw3zE3zX3q3jsY', 610),
(2, 1, 21, 8, 10, 3, 18, 24, 16, 9, 14, 7, 5, 2, 15, 6, 17, 'ZVVsw3zE3zX3q3jsY', 611),
(2, 1, 20, 8, 15, 25, 5, 6, 22, 7, 24, 10, 3, 23, 9, 21, 17, 'ZVVsw3zE3zX3q3jsY', 612),
(2, 1, 24, 17, 5, 6, 9, 22, 16, 25, 3, 7, 15, 2, 18, 23, 10, 'ZVVsw3zE3zX3q3jsY', 613),
(2, 1, 18, 17, 16, 10, 5, 22, 3, 25, 2, 21, 24, 6, 20, 14, 15, 'ZVVsw3zE3zX3q3jsY', 614),
(2, 1, 6, 5, 14, 9, 2, 7, 16, 18, 15, 17, 24, 21, 23, 20, 22, 'ZVVsw3zE3zX3q3jsY', 615),
(2, 1, 10, 17, 7, 9, 24, 14, 22, 23, 20, 3, 5, 15, 8, 18, 21, 'ZVVsw3zE3zX3q3jsY', 616),
(2, 1, 24, 3, 6, 9, 2, 22, 14, 16, 25, 8, 10, 20, 17, 5, 21, 'ZVVsw3zE3zX3q3jsY', 617),
(2, 1, 3, 23, 24, 17, 21, 20, 14, 7, 6, 22, 8, 9, 16, 2, 5, 'ZVVsw3zE3zX3q3jsY', 618),
(2, 1, 22, 9, 16, 14, 8, 20, 25, 18, 24, 5, 21, 10, 23, 3, 2, 'ZVVsw3zE3zX3q3jsY', 619),
(2, 1, 16, 22, 10, 20, 2, 14, 23, 15, 21, 6, 7, 25, 24, 9, 3, 'ZVVsw3zE3zX3q3jsY', 620),
(2, 1, 7, 5, 24, 14, 10, 17, 3, 22, 6, 9, 25, 20, 23, 15, 16, 'ZVVsw3zE3zX3q3jsY', 621);
INSERT INTO `temp_jogos_cinco` (`id_users`, `status`, `num_um`, `num_dois`, `num_tres`, `num_quatro`, `num_cinco`, `num_seis`, `num_sete`, `num_oito`, `num_nove`, `num_dez`, `num_onze`, `num_doze`, `num_treze`, `num_quartoze`, `num_quinze`, `codigo`, `id`) VALUES
(2, 1, 16, 2, 21, 20, 14, 22, 23, 25, 7, 8, 10, 5, 18, 9, 24, 'ZVVsw3zE3zX3q3jsY', 622),
(2, 1, 9, 3, 8, 10, 22, 23, 16, 21, 18, 25, 7, 20, 5, 24, 6, 'ZVVsw3zE3zX3q3jsY', 623),
(2, 1, 6, 17, 14, 23, 18, 10, 21, 2, 16, 24, 8, 3, 9, 20, 22, 'ZVVsw3zE3zX3q3jsY', 624),
(2, 1, 18, 2, 7, 6, 17, 16, 9, 3, 25, 22, 23, 5, 20, 24, 10, 'ZVVsw3zE3zX3q3jsY', 625),
(2, 1, 20, 7, 22, 23, 25, 11, 19, 3, 15, 10, 8, 21, 2, 17, 24, 'DCudNLs774gySqYe0', 626),
(2, 1, 10, 17, 4, 3, 23, 15, 8, 19, 2, 22, 21, 25, 24, 9, 5, 'DCudNLs774gySqYe0', 627),
(2, 1, 11, 15, 4, 21, 17, 8, 22, 5, 16, 10, 20, 24, 19, 7, 25, 'DCudNLs774gySqYe0', 628),
(2, 1, 8, 2, 19, 25, 15, 22, 7, 21, 24, 17, 16, 9, 3, 10, 20, 'DCudNLs774gySqYe0', 629),
(2, 1, 5, 9, 19, 24, 20, 22, 3, 16, 17, 4, 21, 15, 11, 10, 23, 'DCudNLs774gySqYe0', 630),
(2, 1, 24, 15, 2, 9, 7, 19, 17, 25, 5, 20, 16, 8, 21, 23, 11, 'DCudNLs774gySqYe0', 631),
(2, 1, 9, 17, 23, 21, 5, 11, 15, 3, 16, 20, 4, 2, 10, 25, 22, 'DCudNLs774gySqYe0', 632),
(2, 1, 20, 2, 8, 5, 22, 19, 9, 11, 24, 10, 17, 3, 16, 4, 15, 'DCudNLs774gySqYe0', 633),
(2, 1, 9, 16, 8, 24, 21, 11, 3, 20, 5, 25, 23, 7, 15, 10, 2, 'DCudNLs774gySqYe0', 634),
(2, 1, 17, 19, 2, 25, 10, 16, 23, 8, 9, 11, 21, 15, 24, 7, 22, 'DCudNLs774gySqYe0', 635),
(2, 1, 23, 2, 16, 19, 3, 25, 15, 7, 17, 4, 21, 8, 22, 20, 9, 'DCudNLs774gySqYe0', 636),
(2, 1, 17, 19, 24, 22, 25, 4, 7, 9, 5, 20, 11, 23, 21, 15, 8, 'DCudNLs774gySqYe0', 637),
(2, 1, 2, 23, 15, 8, 20, 11, 4, 3, 19, 9, 10, 25, 16, 5, 7, 'DCudNLs774gySqYe0', 638),
(2, 1, 25, 23, 19, 2, 7, 3, 17, 24, 22, 4, 10, 9, 16, 8, 21, 'DCudNLs774gySqYe0', 639),
(2, 1, 22, 17, 8, 11, 10, 15, 19, 3, 20, 16, 24, 21, 5, 4, 2, 'DCudNLs774gySqYe0', 640),
(2, 1, 25, 24, 11, 15, 3, 21, 7, 17, 8, 19, 4, 22, 5, 2, 9, 'DCudNLs774gySqYe0', 641),
(2, 1, 22, 8, 5, 2, 20, 10, 17, 25, 21, 15, 3, 24, 7, 19, 4, 'DCudNLs774gySqYe0', 642),
(2, 1, 20, 15, 9, 4, 25, 3, 21, 10, 17, 24, 16, 5, 2, 19, 7, 'DCudNLs774gySqYe0', 643),
(2, 1, 22, 3, 24, 8, 2, 15, 19, 10, 21, 4, 17, 23, 25, 7, 9, 'DCudNLs774gySqYe0', 644),
(2, 1, 23, 4, 19, 21, 17, 7, 11, 5, 8, 9, 22, 3, 20, 15, 24, 'DCudNLs774gySqYe0', 645),
(2, 1, 20, 19, 5, 15, 3, 23, 11, 22, 21, 24, 17, 25, 2, 8, 10, 'DCudNLs774gySqYe0', 646),
(2, 1, 2, 10, 17, 20, 22, 5, 25, 23, 24, 4, 7, 15, 11, 16, 19, 'DCudNLs774gySqYe0', 647),
(2, 1, 10, 24, 22, 5, 19, 11, 25, 3, 17, 16, 21, 4, 8, 9, 15, 'DCudNLs774gySqYe0', 648),
(2, 1, 25, 7, 23, 22, 11, 2, 17, 4, 24, 15, 21, 20, 3, 9, 8, 'DCudNLs774gySqYe0', 649),
(2, 1, 5, 24, 23, 2, 21, 25, 17, 4, 7, 9, 10, 15, 16, 20, 8, 'DCudNLs774gySqYe0', 650),
(2, 1, 10, 21, 3, 5, 19, 23, 14, 17, 22, 8, 15, 9, 13, 25, 2, 'kRAS2ETue7sfcPxkQ', 651),
(2, 1, 16, 8, 6, 22, 20, 10, 13, 4, 5, 15, 14, 25, 3, 17, 21, 'kRAS2ETue7sfcPxkQ', 652),
(2, 1, 2, 22, 8, 5, 3, 6, 14, 20, 13, 21, 15, 17, 16, 9, 25, 'kRAS2ETue7sfcPxkQ', 653),
(2, 1, 2, 4, 9, 10, 21, 5, 8, 16, 15, 13, 25, 20, 14, 23, 6, 'kRAS2ETue7sfcPxkQ', 654),
(2, 1, 16, 20, 19, 14, 8, 23, 22, 3, 25, 21, 13, 4, 10, 6, 5, 'kRAS2ETue7sfcPxkQ', 655),
(2, 1, 25, 5, 14, 3, 6, 8, 22, 23, 2, 19, 9, 13, 20, 21, 4, 'kRAS2ETue7sfcPxkQ', 656),
(2, 1, 13, 19, 10, 20, 16, 14, 9, 21, 3, 6, 23, 2, 15, 5, 22, 'kRAS2ETue7sfcPxkQ', 657),
(2, 1, 21, 15, 17, 2, 9, 8, 16, 13, 19, 20, 10, 23, 22, 6, 25, 'kRAS2ETue7sfcPxkQ', 658),
(2, 1, 21, 20, 16, 4, 15, 13, 9, 22, 10, 25, 5, 17, 14, 8, 2, 'kRAS2ETue7sfcPxkQ', 659),
(2, 1, 2, 5, 17, 14, 15, 19, 25, 3, 16, 10, 21, 20, 23, 8, 9, 'kRAS2ETue7sfcPxkQ', 660),
(2, 1, 8, 14, 16, 10, 13, 22, 3, 25, 2, 5, 21, 9, 23, 4, 15, 'kRAS2ETue7sfcPxkQ', 661),
(2, 1, 10, 23, 16, 9, 13, 3, 8, 17, 5, 4, 14, 25, 15, 19, 20, 'kRAS2ETue7sfcPxkQ', 662),
(2, 1, 14, 2, 17, 9, 20, 21, 15, 16, 19, 5, 10, 6, 22, 8, 3, 'kRAS2ETue7sfcPxkQ', 663),
(2, 1, 4, 19, 23, 8, 10, 5, 15, 13, 3, 21, 17, 9, 20, 14, 6, 'kRAS2ETue7sfcPxkQ', 664),
(2, 1, 15, 2, 19, 4, 14, 6, 22, 8, 10, 5, 16, 23, 21, 13, 3, 'kRAS2ETue7sfcPxkQ', 665),
(2, 1, 10, 9, 8, 16, 15, 25, 22, 20, 21, 3, 14, 13, 5, 23, 2, 'kRAS2ETue7sfcPxkQ', 666),
(2, 1, 16, 17, 19, 15, 9, 20, 23, 2, 5, 3, 22, 14, 13, 8, 4, 'kRAS2ETue7sfcPxkQ', 667),
(2, 1, 6, 4, 9, 22, 5, 20, 23, 8, 25, 13, 10, 21, 2, 15, 17, 'kRAS2ETue7sfcPxkQ', 668),
(2, 1, 14, 6, 8, 25, 4, 21, 20, 19, 16, 23, 2, 5, 9, 15, 10, 'kRAS2ETue7sfcPxkQ', 669),
(2, 1, 16, 6, 3, 19, 22, 9, 8, 25, 2, 10, 4, 23, 20, 13, 21, 'kRAS2ETue7sfcPxkQ', 670),
(2, 1, 25, 22, 21, 17, 3, 2, 20, 19, 4, 5, 10, 6, 9, 8, 16, 'kRAS2ETue7sfcPxkQ', 671),
(2, 1, 13, 9, 3, 4, 25, 21, 5, 22, 16, 8, 19, 15, 10, 23, 20, 'kRAS2ETue7sfcPxkQ', 672),
(2, 1, 25, 6, 22, 17, 20, 4, 15, 8, 10, 19, 16, 13, 3, 14, 9, 'kRAS2ETue7sfcPxkQ', 673),
(2, 1, 21, 13, 8, 19, 4, 15, 14, 10, 3, 6, 22, 9, 5, 25, 20, 'kRAS2ETue7sfcPxkQ', 674),
(2, 1, 14, 8, 4, 5, 20, 15, 2, 6, 21, 9, 10, 19, 25, 16, 22, 'kRAS2ETue7sfcPxkQ', 675),
(2, 1, 18, 15, 16, 7, 3, 2, 21, 8, 23, 13, 4, 9, 22, 25, 11, 'GcRKYro07U5G1jzaE', 676),
(2, 1, 7, 10, 2, 11, 18, 4, 22, 16, 23, 8, 15, 14, 21, 3, 25, 'GcRKYro07U5G1jzaE', 677),
(2, 1, 8, 7, 10, 15, 18, 16, 9, 13, 22, 11, 17, 4, 3, 20, 2, 'GcRKYro07U5G1jzaE', 678),
(2, 1, 7, 2, 16, 17, 13, 18, 8, 14, 15, 4, 3, 21, 22, 11, 25, 'GcRKYro07U5G1jzaE', 679),
(2, 1, 11, 20, 10, 13, 15, 21, 16, 3, 4, 25, 8, 9, 14, 2, 22, 'GcRKYro07U5G1jzaE', 680),
(2, 1, 13, 9, 8, 17, 14, 23, 18, 11, 3, 2, 20, 16, 15, 21, 10, 'GcRKYro07U5G1jzaE', 681),
(2, 1, 4, 7, 14, 10, 21, 18, 2, 11, 16, 25, 3, 23, 15, 8, 13, 'GcRKYro07U5G1jzaE', 682),
(2, 1, 22, 11, 8, 17, 3, 20, 4, 25, 15, 13, 9, 21, 10, 23, 18, 'GcRKYro07U5G1jzaE', 683),
(2, 1, 21, 17, 8, 4, 14, 18, 11, 23, 10, 3, 15, 16, 13, 2, 20, 'GcRKYro07U5G1jzaE', 684),
(2, 1, 22, 14, 7, 13, 4, 10, 15, 8, 18, 16, 3, 17, 20, 9, 23, 'GcRKYro07U5G1jzaE', 685),
(2, 1, 18, 20, 7, 9, 23, 11, 21, 17, 14, 4, 16, 10, 15, 2, 3, 'GcRKYro07U5G1jzaE', 686),
(2, 1, 23, 7, 8, 9, 16, 25, 13, 21, 4, 11, 22, 14, 10, 15, 3, 'GcRKYro07U5G1jzaE', 687),
(2, 1, 2, 7, 25, 18, 15, 14, 3, 21, 16, 11, 23, 8, 13, 9, 10, 'GcRKYro07U5G1jzaE', 688),
(2, 1, 15, 23, 11, 16, 22, 4, 17, 18, 9, 10, 20, 25, 2, 7, 21, 'GcRKYro07U5G1jzaE', 689),
(2, 1, 17, 13, 4, 23, 3, 18, 21, 8, 2, 9, 20, 16, 22, 10, 11, 'GcRKYro07U5G1jzaE', 690),
(2, 1, 11, 23, 7, 15, 10, 14, 18, 20, 2, 9, 16, 21, 17, 3, 13, 'GcRKYro07U5G1jzaE', 691),
(2, 1, 18, 20, 10, 17, 23, 14, 2, 21, 25, 3, 7, 8, 22, 16, 13, 'GcRKYro07U5G1jzaE', 692),
(2, 1, 16, 11, 9, 25, 23, 22, 2, 21, 20, 14, 15, 17, 3, 10, 8, 'GcRKYro07U5G1jzaE', 693),
(2, 1, 9, 18, 11, 22, 15, 4, 10, 21, 23, 20, 3, 2, 8, 13, 14, 'GcRKYro07U5G1jzaE', 694),
(2, 1, 13, 8, 9, 15, 7, 3, 18, 25, 10, 2, 22, 16, 14, 23, 20, 'GcRKYro07U5G1jzaE', 695),
(2, 1, 7, 14, 23, 20, 11, 25, 18, 21, 15, 16, 2, 10, 22, 17, 4, 'GcRKYro07U5G1jzaE', 696),
(2, 1, 3, 14, 15, 10, 17, 18, 13, 20, 2, 25, 4, 8, 11, 16, 23, 'GcRKYro07U5G1jzaE', 697),
(2, 1, 9, 4, 23, 20, 11, 21, 25, 16, 14, 15, 17, 18, 8, 7, 22, 'GcRKYro07U5G1jzaE', 698),
(2, 1, 25, 18, 2, 22, 3, 7, 20, 14, 8, 15, 21, 10, 13, 9, 16, 'GcRKYro07U5G1jzaE', 699),
(2, 1, 10, 9, 7, 4, 2, 8, 16, 13, 15, 11, 14, 21, 20, 3, 17, 'GcRKYro07U5G1jzaE', 700),
(2, 1, 21, 7, 20, 14, 22, 17, 2, 11, 23, 15, 25, 18, 3, 13, 10, 'SzR4N9qqjskPDvAHb', 701),
(2, 1, 13, 2, 10, 16, 3, 12, 25, 8, 9, 21, 14, 17, 22, 18, 11, 'SzR4N9qqjskPDvAHb', 702),
(2, 1, 22, 10, 17, 2, 12, 7, 13, 21, 25, 23, 16, 20, 11, 14, 15, 'SzR4N9qqjskPDvAHb', 703),
(2, 1, 11, 14, 8, 7, 12, 2, 18, 9, 16, 17, 21, 20, 23, 3, 22, 'SzR4N9qqjskPDvAHb', 704),
(2, 1, 2, 8, 12, 11, 10, 9, 25, 13, 18, 15, 16, 17, 20, 22, 14, 'SzR4N9qqjskPDvAHb', 705),
(2, 1, 21, 3, 20, 16, 13, 8, 7, 23, 18, 22, 11, 2, 14, 17, 9, 'SzR4N9qqjskPDvAHb', 706),
(2, 1, 13, 22, 15, 20, 9, 18, 10, 16, 11, 21, 7, 25, 2, 8, 17, 'SzR4N9qqjskPDvAHb', 707),
(2, 1, 17, 9, 18, 20, 14, 8, 25, 23, 13, 12, 11, 7, 3, 10, 22, 'SzR4N9qqjskPDvAHb', 708),
(2, 1, 7, 18, 8, 21, 17, 23, 12, 22, 25, 9, 16, 10, 15, 3, 20, 'SzR4N9qqjskPDvAHb', 709),
(2, 1, 11, 7, 16, 20, 14, 15, 23, 22, 3, 18, 9, 17, 25, 10, 13, 'SzR4N9qqjskPDvAHb', 710),
(2, 1, 2, 25, 9, 17, 22, 10, 3, 11, 15, 18, 23, 8, 13, 14, 16, 'SzR4N9qqjskPDvAHb', 711),
(2, 1, 8, 10, 23, 22, 16, 25, 13, 17, 18, 12, 7, 9, 3, 2, 20, 'SzR4N9qqjskPDvAHb', 712),
(2, 1, 23, 13, 25, 18, 17, 9, 16, 11, 20, 22, 12, 7, 14, 10, 21, 'SzR4N9qqjskPDvAHb', 713),
(2, 1, 18, 16, 11, 12, 17, 15, 9, 13, 8, 3, 23, 14, 2, 10, 21, 'SzR4N9qqjskPDvAHb', 714),
(2, 1, 2, 21, 12, 11, 16, 18, 22, 13, 15, 14, 23, 7, 25, 8, 17, 'SzR4N9qqjskPDvAHb', 715),
(2, 1, 9, 11, 14, 8, 15, 12, 10, 7, 20, 17, 18, 13, 16, 22, 2, 'SzR4N9qqjskPDvAHb', 716),
(2, 1, 25, 20, 17, 9, 14, 16, 3, 21, 13, 2, 12, 18, 15, 23, 7, 'SzR4N9qqjskPDvAHb', 717),
(2, 1, 3, 2, 20, 17, 15, 18, 8, 12, 11, 16, 9, 14, 10, 21, 25, 'SzR4N9qqjskPDvAHb', 718),
(2, 1, 20, 22, 12, 25, 17, 15, 23, 11, 8, 18, 9, 2, 21, 16, 7, 'SzR4N9qqjskPDvAHb', 719),
(2, 1, 16, 7, 22, 9, 18, 2, 14, 12, 17, 8, 10, 15, 3, 20, 13, 'SzR4N9qqjskPDvAHb', 720),
(2, 1, 11, 7, 17, 10, 25, 22, 20, 9, 23, 8, 15, 2, 3, 16, 12, 'SzR4N9qqjskPDvAHb', 721),
(2, 1, 17, 25, 23, 20, 7, 9, 21, 22, 14, 8, 18, 3, 2, 15, 13, 'SzR4N9qqjskPDvAHb', 722),
(2, 1, 16, 3, 7, 10, 11, 22, 14, 2, 17, 9, 23, 18, 8, 21, 12, 'SzR4N9qqjskPDvAHb', 723),
(2, 1, 21, 23, 13, 18, 22, 25, 2, 15, 11, 12, 16, 10, 7, 3, 17, 'SzR4N9qqjskPDvAHb', 724),
(2, 1, 2, 21, 13, 14, 3, 12, 25, 7, 20, 11, 17, 22, 18, 10, 8, 'SzR4N9qqjskPDvAHb', 725),
(2, 1, 21, 8, 17, 25, 24, 19, 12, 22, 3, 6, 14, 4, 13, 7, 9, 'X16OOYFGWt97wBT1s', 726),
(2, 1, 13, 22, 4, 8, 24, 6, 16, 3, 23, 19, 15, 21, 17, 25, 2, 'X16OOYFGWt97wBT1s', 727),
(2, 1, 21, 23, 7, 12, 14, 13, 6, 16, 8, 15, 2, 9, 17, 4, 24, 'X16OOYFGWt97wBT1s', 728),
(2, 1, 8, 15, 6, 16, 14, 9, 13, 24, 23, 12, 22, 2, 25, 19, 21, 'X16OOYFGWt97wBT1s', 729),
(2, 1, 12, 6, 7, 17, 15, 9, 24, 13, 14, 23, 3, 8, 21, 2, 19, 'X16OOYFGWt97wBT1s', 730),
(2, 1, 15, 24, 19, 14, 4, 7, 8, 2, 17, 23, 13, 25, 3, 9, 12, 'X16OOYFGWt97wBT1s', 731),
(2, 1, 15, 12, 9, 3, 17, 4, 14, 7, 16, 24, 6, 8, 19, 23, 13, 'X16OOYFGWt97wBT1s', 732),
(2, 1, 2, 17, 4, 12, 7, 22, 3, 25, 24, 16, 21, 14, 19, 15, 6, 'X16OOYFGWt97wBT1s', 733),
(2, 1, 15, 23, 19, 7, 24, 22, 4, 3, 14, 12, 25, 21, 2, 16, 17, 'X16OOYFGWt97wBT1s', 734),
(2, 1, 14, 24, 25, 19, 2, 23, 15, 13, 8, 12, 4, 3, 22, 17, 7, 'X16OOYFGWt97wBT1s', 735),
(2, 1, 21, 4, 3, 12, 13, 7, 14, 22, 6, 19, 16, 17, 2, 9, 15, 'X16OOYFGWt97wBT1s', 736),
(2, 1, 8, 17, 12, 23, 3, 14, 22, 2, 9, 4, 13, 21, 19, 15, 24, 'X16OOYFGWt97wBT1s', 737),
(2, 1, 17, 4, 2, 23, 3, 12, 16, 24, 21, 8, 25, 7, 15, 9, 13, 'X16OOYFGWt97wBT1s', 738),
(2, 1, 13, 8, 4, 7, 21, 12, 16, 3, 15, 17, 2, 24, 6, 23, 19, 'X16OOYFGWt97wBT1s', 739),
(2, 1, 22, 2, 12, 17, 25, 7, 13, 24, 3, 9, 14, 4, 6, 8, 23, 'X16OOYFGWt97wBT1s', 740),
(2, 1, 17, 14, 21, 16, 2, 4, 15, 24, 19, 12, 22, 23, 7, 3, 8, 'X16OOYFGWt97wBT1s', 741),
(2, 1, 21, 14, 4, 19, 17, 24, 3, 6, 2, 23, 15, 25, 13, 7, 9, 'X16OOYFGWt97wBT1s', 742),
(2, 1, 7, 4, 23, 6, 16, 21, 2, 24, 17, 19, 13, 25, 22, 3, 8, 'X16OOYFGWt97wBT1s', 743),
(2, 1, 8, 16, 24, 9, 14, 4, 3, 15, 25, 7, 17, 2, 23, 22, 19, 'X16OOYFGWt97wBT1s', 744),
(2, 1, 7, 8, 13, 4, 23, 22, 19, 21, 24, 14, 12, 2, 6, 3, 16, 'X16OOYFGWt97wBT1s', 745),
(2, 1, 2, 19, 16, 9, 13, 4, 8, 25, 21, 24, 6, 7, 3, 23, 17, 'X16OOYFGWt97wBT1s', 746),
(2, 1, 14, 7, 25, 12, 4, 17, 15, 19, 24, 2, 6, 8, 9, 3, 16, 'X16OOYFGWt97wBT1s', 747),
(2, 1, 6, 19, 21, 12, 14, 2, 16, 4, 3, 8, 22, 15, 24, 13, 17, 'X16OOYFGWt97wBT1s', 748),
(2, 1, 19, 9, 15, 8, 7, 24, 6, 17, 22, 3, 16, 4, 21, 13, 14, 'X16OOYFGWt97wBT1s', 749),
(2, 1, 21, 14, 8, 22, 7, 15, 16, 6, 4, 3, 23, 12, 9, 25, 13, 'X16OOYFGWt97wBT1s', 750),
(2, 1, 12, 7, 3, 10, 9, 2, 23, 16, 25, 15, 5, 6, 21, 22, 4, 'bfZZ77rKX9WpLQbnu', 751),
(2, 1, 7, 21, 19, 12, 16, 8, 3, 5, 23, 13, 9, 4, 6, 25, 15, 'bfZZ77rKX9WpLQbnu', 752),
(2, 1, 19, 22, 9, 25, 8, 10, 12, 5, 6, 2, 7, 16, 4, 21, 23, 'bfZZ77rKX9WpLQbnu', 753),
(2, 1, 21, 4, 16, 6, 2, 7, 23, 22, 25, 10, 8, 5, 9, 13, 15, 'bfZZ77rKX9WpLQbnu', 754),
(2, 1, 13, 16, 12, 4, 2, 8, 10, 22, 3, 19, 5, 17, 9, 6, 21, 'bfZZ77rKX9WpLQbnu', 755),
(2, 1, 5, 2, 9, 4, 7, 25, 21, 13, 10, 12, 23, 19, 17, 8, 3, 'bfZZ77rKX9WpLQbnu', 756),
(2, 1, 9, 22, 6, 13, 8, 7, 25, 16, 4, 23, 17, 3, 10, 21, 15, 'bfZZ77rKX9WpLQbnu', 757),
(2, 1, 2, 7, 6, 25, 5, 15, 22, 12, 17, 3, 10, 21, 19, 23, 4, 'bfZZ77rKX9WpLQbnu', 758),
(2, 1, 6, 17, 19, 25, 4, 2, 13, 7, 9, 16, 23, 3, 8, 15, 22, 'bfZZ77rKX9WpLQbnu', 759),
(2, 1, 2, 21, 6, 4, 16, 13, 19, 8, 23, 5, 15, 10, 9, 3, 22, 'bfZZ77rKX9WpLQbnu', 760),
(2, 1, 6, 4, 19, 7, 8, 22, 16, 2, 25, 10, 3, 13, 17, 5, 15, 'bfZZ77rKX9WpLQbnu', 761),
(2, 1, 13, 19, 17, 3, 12, 15, 6, 16, 21, 4, 2, 10, 25, 23, 5, 'bfZZ77rKX9WpLQbnu', 762),
(2, 1, 22, 10, 13, 9, 21, 19, 7, 25, 5, 23, 17, 12, 3, 15, 8, 'bfZZ77rKX9WpLQbnu', 763),
(2, 1, 25, 13, 2, 16, 17, 3, 9, 6, 19, 7, 8, 5, 23, 10, 22, 'bfZZ77rKX9WpLQbnu', 764),
(2, 1, 22, 17, 15, 25, 4, 2, 10, 23, 5, 21, 16, 8, 7, 19, 6, 'bfZZ77rKX9WpLQbnu', 765),
(2, 1, 4, 3, 5, 12, 15, 17, 8, 2, 6, 21, 9, 7, 25, 19, 13, 'bfZZ77rKX9WpLQbnu', 766),
(2, 1, 13, 9, 5, 19, 10, 15, 3, 22, 4, 23, 7, 21, 17, 16, 2, 'bfZZ77rKX9WpLQbnu', 767),
(2, 1, 10, 7, 23, 9, 17, 6, 13, 15, 4, 8, 16, 5, 3, 19, 22, 'bfZZ77rKX9WpLQbnu', 768),
(2, 1, 2, 22, 5, 21, 23, 16, 12, 3, 13, 9, 4, 15, 7, 25, 8, 'bfZZ77rKX9WpLQbnu', 769),
(2, 1, 19, 12, 3, 6, 25, 13, 2, 9, 16, 23, 21, 4, 15, 17, 22, 'bfZZ77rKX9WpLQbnu', 770),
(2, 1, 9, 25, 15, 2, 17, 19, 22, 3, 8, 7, 23, 16, 21, 6, 13, 'bfZZ77rKX9WpLQbnu', 771),
(2, 1, 13, 9, 25, 22, 3, 8, 21, 2, 15, 12, 7, 5, 10, 23, 6, 'bfZZ77rKX9WpLQbnu', 772),
(2, 1, 23, 6, 7, 17, 21, 22, 10, 12, 4, 8, 16, 25, 3, 9, 15, 'bfZZ77rKX9WpLQbnu', 773),
(2, 1, 22, 13, 16, 10, 19, 12, 9, 23, 4, 6, 21, 8, 25, 15, 3, 'bfZZ77rKX9WpLQbnu', 774),
(2, 1, 6, 25, 3, 9, 19, 16, 10, 12, 17, 15, 8, 13, 4, 5, 21, 'bfZZ77rKX9WpLQbnu', 775),
(2, 1, 16, 6, 24, 22, 8, 23, 2, 18, 21, 3, 17, 4, 11, 15, 7, 'gV7k0VVtZoVdcRtwE', 776),
(2, 1, 23, 10, 21, 6, 16, 18, 8, 2, 17, 3, 15, 14, 19, 22, 11, 'gV7k0VVtZoVdcRtwE', 777),
(2, 1, 10, 7, 3, 6, 17, 24, 19, 4, 23, 14, 8, 9, 16, 21, 2, 'gV7k0VVtZoVdcRtwE', 778),
(2, 1, 17, 7, 9, 21, 3, 8, 11, 14, 23, 10, 19, 15, 24, 4, 16, 'gV7k0VVtZoVdcRtwE', 779),
(2, 1, 17, 18, 4, 19, 22, 2, 11, 7, 10, 15, 14, 16, 6, 8, 9, 'gV7k0VVtZoVdcRtwE', 780),
(2, 1, 24, 15, 9, 23, 11, 19, 18, 21, 4, 3, 7, 10, 6, 22, 17, 'gV7k0VVtZoVdcRtwE', 781),
(2, 1, 9, 23, 8, 11, 14, 10, 6, 15, 24, 18, 16, 21, 17, 22, 4, 'gV7k0VVtZoVdcRtwE', 782),
(2, 1, 14, 15, 9, 16, 17, 2, 4, 7, 11, 10, 6, 3, 18, 8, 23, 'gV7k0VVtZoVdcRtwE', 783),
(2, 1, 15, 23, 6, 22, 10, 3, 24, 11, 16, 9, 17, 8, 19, 4, 18, 'gV7k0VVtZoVdcRtwE', 784),
(2, 1, 2, 6, 19, 23, 14, 8, 3, 7, 18, 22, 16, 17, 24, 9, 15, 'gV7k0VVtZoVdcRtwE', 785),
(2, 1, 4, 18, 2, 19, 8, 16, 22, 11, 15, 23, 9, 24, 7, 3, 17, 'gV7k0VVtZoVdcRtwE', 786),
(2, 1, 2, 7, 15, 8, 16, 23, 3, 4, 21, 9, 19, 24, 17, 22, 11, 'gV7k0VVtZoVdcRtwE', 787),
(2, 1, 19, 15, 17, 8, 7, 4, 10, 18, 21, 9, 11, 22, 16, 2, 14, 'gV7k0VVtZoVdcRtwE', 788),
(2, 1, 14, 18, 19, 15, 22, 6, 11, 2, 7, 23, 4, 8, 16, 17, 3, 'gV7k0VVtZoVdcRtwE', 789),
(2, 1, 2, 14, 8, 11, 16, 3, 10, 24, 23, 21, 22, 6, 19, 7, 15, 'gV7k0VVtZoVdcRtwE', 790),
(2, 1, 22, 2, 10, 24, 6, 15, 23, 21, 18, 4, 14, 3, 7, 17, 11, 'gV7k0VVtZoVdcRtwE', 791),
(2, 1, 22, 8, 21, 11, 16, 15, 10, 19, 14, 4, 17, 7, 2, 24, 9, 'gV7k0VVtZoVdcRtwE', 792),
(2, 1, 9, 22, 7, 3, 16, 14, 10, 6, 8, 17, 24, 19, 18, 4, 11, 'gV7k0VVtZoVdcRtwE', 793),
(2, 1, 8, 15, 23, 6, 19, 10, 9, 4, 11, 21, 2, 14, 18, 24, 17, 'gV7k0VVtZoVdcRtwE', 794),
(2, 1, 11, 2, 21, 16, 24, 8, 7, 17, 15, 4, 14, 9, 6, 18, 19, 'gV7k0VVtZoVdcRtwE', 795),
(2, 1, 4, 24, 10, 8, 11, 22, 17, 14, 9, 6, 2, 19, 16, 21, 15, 'gV7k0VVtZoVdcRtwE', 796),
(2, 1, 4, 9, 3, 8, 16, 24, 21, 10, 19, 18, 6, 17, 15, 23, 11, 'gV7k0VVtZoVdcRtwE', 797),
(2, 1, 24, 23, 2, 10, 22, 16, 19, 8, 6, 15, 11, 3, 17, 9, 21, 'gV7k0VVtZoVdcRtwE', 798),
(2, 1, 10, 19, 8, 22, 16, 15, 3, 7, 6, 14, 24, 4, 9, 17, 21, 'gV7k0VVtZoVdcRtwE', 799),
(2, 1, 16, 11, 9, 14, 24, 3, 15, 4, 19, 7, 21, 18, 17, 22, 23, 'gV7k0VVtZoVdcRtwE', 800);

-- --------------------------------------------------------

--
-- Estrutura da tabela `temp_jogos_quatro`
--

CREATE TABLE `temp_jogos_quatro` (
  `id` int(11) NOT NULL,
  `id_users` int(11) NOT NULL,
  `status` int(11) NOT NULL,
  `num_um` int(11) NOT NULL,
  `num_dois` int(11) NOT NULL,
  `num_tres` int(11) NOT NULL,
  `num_quatro` int(11) NOT NULL,
  `num_cinco` int(11) NOT NULL,
  `num_seis` int(11) NOT NULL,
  `num_sete` int(11) NOT NULL,
  `num_oito` int(11) NOT NULL,
  `num_nove` int(11) NOT NULL,
  `num_dez` int(11) NOT NULL,
  `num_onze` int(11) NOT NULL,
  `num_doze` int(11) NOT NULL,
  `num_treze` int(11) NOT NULL,
  `num_quartoze` int(11) NOT NULL,
  `num_quinze` int(11) NOT NULL,
  `codigo` varchar(125) COLLATE utf8_bin NOT NULL,
  `salvar` int(11) NOT NULL
) ENGINE=InnoDB DEFAULT CHARSET=utf8 COLLATE=utf8_bin;

--
-- Extraindo dados da tabela `temp_jogos_quatro`
--

INSERT INTO `temp_jogos_quatro` (`id`, `id_users`, `status`, `num_um`, `num_dois`, `num_tres`, `num_quatro`, `num_cinco`, `num_seis`, `num_sete`, `num_oito`, `num_nove`, `num_dez`, `num_onze`, `num_doze`, `num_treze`, `num_quartoze`, `num_quinze`, `codigo`, `salvar`) VALUES
(989, 2, 1, 23, 15, 4, 13, 12, 5, 20, 2, 16, 11, 6, 22, 25, 24, 14, 'Ar9xXj5783o38damK', 0),
(990, 2, 1, 17, 22, 6, 15, 18, 4, 23, 20, 25, 2, 11, 14, 5, 24, 16, 'Ar9xXj5783o38damK', 0),
(991, 2, 1, 10, 16, 18, 13, 14, 23, 5, 20, 24, 2, 25, 22, 12, 4, 21, 'Ar9xXj5783o38damK', 0),
(992, 2, 1, 5, 16, 17, 22, 2, 10, 14, 8, 21, 25, 23, 20, 6, 15, 24, 'Ar9xXj5783o38damK', 0),
(993, 2, 1, 23, 6, 21, 5, 25, 13, 20, 8, 14, 16, 24, 10, 17, 22, 15, 'Ar9xXj5783o38damK', 0),
(994, 2, 1, 20, 2, 24, 23, 4, 14, 22, 21, 6, 25, 8, 10, 12, 5, 18, 'Ar9xXj5783o38damK', 0),
(995, 2, 1, 2, 17, 4, 6, 5, 12, 20, 14, 11, 21, 8, 16, 13, 23, 22, 'Ar9xXj5783o38damK', 0),
(996, 2, 1, 25, 20, 23, 17, 18, 24, 11, 4, 13, 2, 15, 6, 8, 21, 14, 'Ar9xXj5783o38damK', 0),
(997, 2, 1, 24, 16, 4, 15, 11, 20, 13, 18, 8, 10, 23, 5, 25, 21, 12, 'Ar9xXj5783o38damK', 0),
(998, 2, 1, 16, 12, 22, 11, 5, 24, 18, 13, 2, 23, 25, 14, 10, 17, 15, 'Ar9xXj5783o38damK', 0),
(999, 2, 1, 5, 21, 13, 2, 15, 24, 23, 16, 20, 12, 18, 25, 14, 22, 6, 'Ar9xXj5783o38damK', 0),
(1000, 2, 1, 12, 10, 21, 13, 24, 16, 18, 17, 19, 4, 20, 11, 25, 22, 14, 'sOU7XdvgpODESdvnd', 0),
(1001, 2, 1, 4, 24, 3, 12, 13, 21, 14, 7, 25, 11, 19, 15, 20, 6, 22, 'sOU7XdvgpODESdvnd', 0),
(1002, 2, 1, 14, 8, 15, 20, 6, 10, 17, 22, 12, 11, 19, 25, 7, 24, 13, 'sOU7XdvgpODESdvnd', 0),
(1003, 2, 1, 12, 21, 4, 15, 22, 11, 6, 24, 8, 7, 17, 20, 19, 18, 3, 'sOU7XdvgpODESdvnd', 0),
(1004, 2, 1, 24, 13, 10, 8, 25, 14, 18, 12, 3, 15, 4, 11, 20, 7, 21, 'sOU7XdvgpODESdvnd', 0),
(1005, 2, 1, 15, 20, 22, 3, 18, 13, 24, 16, 19, 17, 25, 6, 21, 8, 14, 'sOU7XdvgpODESdvnd', 0),
(1006, 2, 1, 4, 16, 6, 24, 15, 11, 7, 14, 13, 8, 22, 25, 19, 3, 17, 'sOU7XdvgpODESdvnd', 0),
(1007, 2, 1, 8, 20, 16, 25, 12, 14, 19, 7, 22, 17, 11, 3, 21, 13, 24, 'sOU7XdvgpODESdvnd', 0),
(1008, 2, 1, 18, 24, 6, 17, 16, 21, 11, 19, 13, 14, 12, 8, 10, 25, 22, 'sOU7XdvgpODESdvnd', 0),
(1009, 2, 1, 18, 12, 25, 4, 10, 11, 3, 21, 13, 7, 15, 22, 20, 24, 8, 'sOU7XdvgpODESdvnd', 0),
(1010, 2, 1, 19, 24, 11, 14, 21, 8, 10, 20, 13, 16, 22, 17, 4, 7, 25, 'sOU7XdvgpODESdvnd', 0),
(1011, 2, 1, 4, 6, 22, 15, 20, 23, 24, 16, 9, 2, 7, 8, 12, 17, 14, 'O8lRNbPs1caAGJcLi', 0),
(1012, 2, 1, 23, 19, 9, 24, 2, 8, 22, 6, 14, 18, 12, 15, 17, 10, 7, 'O8lRNbPs1caAGJcLi', 0),
(1013, 2, 1, 17, 23, 4, 20, 19, 18, 10, 16, 12, 7, 15, 3, 24, 14, 13, 'O8lRNbPs1caAGJcLi', 0),
(1014, 2, 1, 17, 8, 2, 24, 6, 14, 16, 9, 12, 7, 4, 15, 20, 10, 18, 'O8lRNbPs1caAGJcLi', 0),
(1015, 2, 1, 17, 6, 20, 22, 2, 18, 12, 7, 3, 13, 24, 4, 19, 9, 15, 'O8lRNbPs1caAGJcLi', 0),
(1016, 2, 1, 15, 6, 14, 12, 13, 17, 19, 22, 16, 20, 24, 4, 7, 8, 9, 'O8lRNbPs1caAGJcLi', 0),
(1017, 2, 1, 23, 3, 19, 4, 20, 10, 17, 14, 8, 2, 18, 12, 9, 24, 7, 'O8lRNbPs1caAGJcLi', 0),
(1018, 2, 1, 24, 4, 7, 14, 6, 3, 15, 20, 22, 10, 9, 18, 12, 19, 13, 'O8lRNbPs1caAGJcLi', 0),
(1019, 2, 1, 2, 4, 24, 12, 18, 16, 23, 19, 22, 9, 17, 10, 7, 6, 13, 'O8lRNbPs1caAGJcLi', 0),
(1020, 2, 1, 17, 22, 6, 2, 24, 23, 3, 18, 15, 4, 7, 16, 10, 9, 13, 'O8lRNbPs1caAGJcLi', 0),
(1021, 2, 1, 23, 10, 18, 2, 4, 7, 17, 3, 15, 12, 8, 16, 13, 20, 24, 'O8lRNbPs1caAGJcLi', 0),
(1022, 2, 1, 20, 15, 9, 8, 21, 3, 22, 14, 12, 24, 6, 10, 25, 4, 19, '5yZtLXHSntxt1JjPd', 0),
(1023, 2, 1, 11, 15, 8, 25, 20, 23, 3, 16, 14, 21, 4, 6, 2, 9, 24, '5yZtLXHSntxt1JjPd', 0),
(1024, 2, 1, 16, 20, 19, 15, 18, 8, 10, 9, 21, 24, 6, 23, 25, 11, 12, '5yZtLXHSntxt1JjPd', 0),
(1025, 2, 1, 9, 20, 12, 23, 21, 25, 19, 14, 24, 10, 15, 16, 18, 22, 11, '5yZtLXHSntxt1JjPd', 0),
(1026, 2, 1, 11, 2, 15, 8, 25, 6, 24, 22, 3, 14, 9, 16, 21, 10, 4, '5yZtLXHSntxt1JjPd', 0),
(1027, 2, 1, 11, 6, 3, 25, 24, 18, 22, 20, 19, 4, 8, 10, 21, 23, 12, '5yZtLXHSntxt1JjPd', 0),
(1028, 2, 1, 11, 19, 14, 22, 18, 23, 4, 2, 20, 15, 21, 25, 3, 10, 12, '5yZtLXHSntxt1JjPd', 0),
(1029, 2, 1, 16, 4, 11, 2, 14, 6, 9, 15, 19, 8, 20, 24, 23, 10, 25, '5yZtLXHSntxt1JjPd', 0),
(1030, 2, 1, 18, 20, 8, 6, 16, 15, 11, 22, 24, 9, 2, 4, 12, 25, 10, '5yZtLXHSntxt1JjPd', 0),
(1031, 2, 1, 14, 2, 15, 20, 22, 10, 4, 8, 24, 3, 6, 21, 23, 18, 9, '5yZtLXHSntxt1JjPd', 0),
(1032, 2, 1, 18, 20, 6, 4, 11, 9, 22, 2, 24, 3, 25, 14, 16, 23, 19, '5yZtLXHSntxt1JjPd', 0),
(1033, 2, 1, 15, 13, 2, 3, 24, 14, 22, 4, 23, 12, 18, 17, 7, 16, 8, 'tYSSMhBgyEvVsf0uE', 1),
(1034, 2, 1, 23, 13, 9, 8, 22, 2, 3, 20, 15, 24, 16, 4, 14, 7, 6, 'tYSSMhBgyEvVsf0uE', 1),
(1035, 2, 1, 6, 13, 2, 8, 15, 4, 23, 10, 9, 7, 20, 17, 24, 18, 12, 'tYSSMhBgyEvVsf0uE', 1),
(1036, 2, 1, 18, 21, 9, 20, 15, 24, 12, 3, 4, 6, 22, 16, 13, 23, 14, 'tYSSMhBgyEvVsf0uE', 1),
(1037, 2, 1, 21, 13, 10, 23, 6, 3, 7, 24, 17, 2, 8, 16, 20, 18, 12, 'tYSSMhBgyEvVsf0uE', 1),
(1038, 2, 1, 21, 16, 4, 9, 24, 14, 22, 8, 6, 2, 13, 10, 18, 23, 12, 'tYSSMhBgyEvVsf0uE', 1),
(1039, 2, 1, 17, 23, 12, 7, 10, 20, 14, 9, 2, 21, 6, 13, 24, 15, 3, 'tYSSMhBgyEvVsf0uE', 1),
(1040, 2, 1, 24, 12, 7, 3, 16, 17, 22, 10, 15, 13, 2, 20, 8, 21, 9, 'tYSSMhBgyEvVsf0uE', 1),
(1041, 2, 1, 17, 13, 16, 10, 12, 23, 14, 18, 3, 21, 4, 22, 24, 8, 20, 'tYSSMhBgyEvVsf0uE', 1),
(1042, 2, 1, 2, 8, 22, 7, 24, 10, 21, 15, 20, 14, 23, 13, 17, 3, 18, 'tYSSMhBgyEvVsf0uE', 1),
(1043, 2, 1, 22, 15, 12, 3, 23, 20, 13, 18, 9, 17, 10, 24, 14, 8, 6, 'tYSSMhBgyEvVsf0uE', 1),
(1044, 2, 1, 6, 13, 9, 3, 24, 22, 8, 18, 17, 23, 4, 5, 12, 14, 2, 'n9aVEAduBIckZFLzE', 0),
(1045, 2, 1, 3, 22, 20, 23, 2, 5, 16, 19, 18, 8, 15, 9, 6, 24, 17, 'n9aVEAduBIckZFLzE', 0),
(1046, 2, 1, 9, 23, 13, 16, 17, 8, 10, 19, 15, 24, 20, 12, 14, 3, 22, 'n9aVEAduBIckZFLzE', 0),
(1047, 2, 1, 16, 4, 18, 20, 15, 9, 12, 3, 5, 2, 8, 24, 22, 13, 19, 'n9aVEAduBIckZFLzE', 0),
(1048, 2, 1, 18, 14, 5, 9, 17, 24, 22, 19, 20, 8, 23, 4, 15, 16, 12, 'n9aVEAduBIckZFLzE', 0),
(1049, 2, 1, 10, 16, 6, 15, 24, 22, 2, 23, 20, 4, 18, 8, 17, 19, 12, 'n9aVEAduBIckZFLzE', 0),
(1050, 2, 1, 4, 6, 14, 9, 18, 8, 24, 19, 15, 22, 12, 20, 23, 5, 3, 'n9aVEAduBIckZFLzE', 0),
(1051, 2, 1, 13, 2, 3, 16, 22, 23, 20, 18, 17, 6, 12, 4, 9, 15, 8, 'n9aVEAduBIckZFLzE', 0),
(1052, 2, 1, 17, 18, 9, 5, 23, 16, 20, 4, 22, 10, 24, 6, 19, 8, 14, 'n9aVEAduBIckZFLzE', 0),
(1053, 2, 1, 15, 5, 4, 14, 13, 16, 23, 22, 2, 8, 18, 20, 17, 12, 3, 'n9aVEAduBIckZFLzE', 0),
(1054, 2, 1, 12, 15, 13, 17, 2, 3, 24, 20, 23, 16, 4, 18, 6, 14, 9, 'n9aVEAduBIckZFLzE', 0),
(1055, 2, 1, 8, 22, 24, 25, 18, 10, 13, 16, 5, 20, 15, 4, 12, 14, 2, 'CQu9GjMxqIua9nL3P', 0),
(1056, 2, 1, 18, 22, 20, 6, 11, 15, 7, 24, 13, 2, 10, 4, 8, 3, 17, 'CQu9GjMxqIua9nL3P', 0),
(1057, 2, 1, 22, 17, 11, 25, 8, 2, 12, 13, 7, 3, 15, 10, 18, 6, 4, 'CQu9GjMxqIua9nL3P', 0),
(1058, 2, 1, 25, 22, 11, 12, 2, 15, 16, 13, 20, 3, 24, 4, 18, 7, 5, 'CQu9GjMxqIua9nL3P', 0),
(1059, 2, 1, 10, 13, 18, 17, 2, 6, 5, 4, 15, 20, 16, 25, 24, 11, 8, 'CQu9GjMxqIua9nL3P', 0),
(1060, 2, 1, 7, 17, 14, 6, 18, 22, 8, 2, 24, 3, 13, 10, 25, 15, 11, 'CQu9GjMxqIua9nL3P', 0),
(1061, 2, 1, 25, 4, 20, 3, 24, 12, 11, 8, 7, 2, 6, 22, 16, 10, 17, 'CQu9GjMxqIua9nL3P', 0),
(1062, 2, 1, 5, 17, 12, 7, 14, 16, 8, 13, 24, 25, 10, 22, 4, 6, 2, 'CQu9GjMxqIua9nL3P', 0),
(1063, 2, 1, 14, 11, 17, 16, 6, 7, 10, 3, 20, 4, 5, 22, 2, 24, 15, 'CQu9GjMxqIua9nL3P', 0),
(1064, 2, 1, 16, 24, 25, 10, 17, 13, 15, 8, 3, 20, 2, 18, 22, 14, 5, 'CQu9GjMxqIua9nL3P', 0),
(1065, 2, 1, 12, 3, 4, 24, 18, 20, 5, 2, 15, 11, 16, 22, 10, 25, 7, 'CQu9GjMxqIua9nL3P', 0),
(1066, 2, 1, 23, 6, 22, 10, 3, 16, 12, 15, 8, 4, 25, 14, 2, 20, 24, 'rhttuDV4iCno314ac', 0),
(1067, 2, 1, 22, 5, 13, 23, 18, 3, 12, 8, 15, 2, 16, 24, 6, 20, 25, 'rhttuDV4iCno314ac', 0),
(1068, 2, 1, 8, 15, 17, 10, 6, 16, 24, 12, 3, 13, 22, 9, 25, 5, 23, 'rhttuDV4iCno314ac', 0),
(1069, 2, 1, 5, 24, 25, 17, 13, 10, 9, 3, 8, 2, 20, 12, 4, 15, 23, 'rhttuDV4iCno314ac', 0),
(1070, 2, 1, 20, 17, 24, 13, 4, 10, 22, 3, 12, 2, 15, 5, 6, 16, 14, 'rhttuDV4iCno314ac', 0),
(1071, 2, 1, 4, 10, 13, 23, 24, 8, 12, 2, 5, 14, 16, 20, 17, 18, 25, 'rhttuDV4iCno314ac', 0),
(1072, 2, 1, 20, 22, 10, 5, 13, 18, 12, 2, 4, 8, 15, 24, 23, 14, 16, 'rhttuDV4iCno314ac', 0),
(1073, 2, 1, 5, 8, 24, 14, 12, 9, 17, 18, 2, 10, 13, 23, 22, 25, 20, 'rhttuDV4iCno314ac', 0),
(1074, 2, 1, 5, 15, 20, 4, 9, 23, 18, 17, 12, 16, 25, 22, 8, 2, 3, 'rhttuDV4iCno314ac', 0),
(1075, 2, 1, 6, 13, 16, 8, 25, 5, 10, 9, 20, 14, 12, 4, 17, 3, 23, 'rhttuDV4iCno314ac', 0),
(1076, 2, 1, 12, 10, 15, 20, 14, 4, 8, 22, 9, 5, 17, 25, 6, 13, 3, 'rhttuDV4iCno314ac', 0),
(1077, 2, 1, 4, 3, 15, 22, 23, 16, 10, 24, 12, 6, 20, 11, 5, 19, 18, 'iPp50c2PDlEdx2npC', 0),
(1078, 2, 1, 16, 19, 11, 6, 4, 17, 2, 12, 23, 20, 15, 8, 14, 22, 10, 'iPp50c2PDlEdx2npC', 0),
(1079, 2, 1, 23, 19, 13, 5, 3, 8, 4, 15, 6, 11, 2, 14, 18, 10, 24, 'iPp50c2PDlEdx2npC', 0),
(1080, 2, 1, 2, 24, 6, 20, 11, 23, 5, 22, 13, 15, 4, 18, 14, 19, 10, 'iPp50c2PDlEdx2npC', 0),
(1081, 2, 1, 19, 2, 20, 15, 12, 23, 16, 14, 22, 6, 8, 5, 17, 18, 4, 'iPp50c2PDlEdx2npC', 0),
(1082, 2, 1, 12, 19, 23, 6, 10, 11, 16, 18, 17, 2, 20, 4, 3, 14, 13, 'iPp50c2PDlEdx2npC', 0),
(1083, 2, 1, 16, 13, 12, 6, 24, 22, 8, 4, 15, 17, 19, 23, 2, 14, 20, 'iPp50c2PDlEdx2npC', 0),
(1084, 2, 1, 22, 2, 20, 5, 14, 19, 6, 10, 16, 3, 18, 12, 15, 11, 23, 'iPp50c2PDlEdx2npC', 0),
(1085, 2, 1, 18, 23, 12, 5, 13, 19, 3, 4, 22, 15, 8, 2, 6, 17, 14, 'iPp50c2PDlEdx2npC', 0),
(1086, 2, 1, 18, 14, 4, 8, 6, 15, 22, 13, 23, 3, 2, 12, 24, 17, 20, 'iPp50c2PDlEdx2npC', 0),
(1087, 2, 1, 14, 18, 24, 3, 22, 17, 13, 11, 5, 2, 12, 6, 8, 15, 4, 'iPp50c2PDlEdx2npC', 0),
(1088, 2, 1, 6, 16, 15, 7, 5, 22, 10, 2, 8, 20, 25, 18, 24, 14, 19, 'IpUWsMrgl0d3YqR6Y', 0),
(1089, 2, 1, 2, 5, 21, 23, 4, 6, 22, 15, 20, 7, 8, 14, 19, 24, 12, 'IpUWsMrgl0d3YqR6Y', 0),
(1090, 2, 1, 21, 22, 18, 6, 7, 20, 4, 14, 19, 15, 25, 10, 8, 13, 16, 'IpUWsMrgl0d3YqR6Y', 0),
(1091, 2, 1, 2, 16, 19, 22, 6, 5, 18, 24, 8, 15, 7, 13, 12, 14, 4, 'IpUWsMrgl0d3YqR6Y', 0),
(1092, 2, 1, 8, 5, 4, 19, 16, 23, 24, 12, 6, 25, 15, 2, 10, 7, 22, 'IpUWsMrgl0d3YqR6Y', 0),
(1093, 2, 1, 15, 12, 7, 13, 8, 20, 14, 23, 5, 4, 25, 19, 24, 21, 16, 'IpUWsMrgl0d3YqR6Y', 0),
(1094, 2, 1, 7, 24, 5, 20, 2, 14, 22, 23, 16, 8, 19, 12, 10, 25, 4, 'IpUWsMrgl0d3YqR6Y', 0),
(1095, 2, 1, 25, 22, 20, 23, 16, 4, 24, 5, 2, 12, 15, 13, 18, 10, 8, 'IpUWsMrgl0d3YqR6Y', 0),
(1096, 2, 1, 23, 22, 21, 16, 4, 25, 18, 19, 13, 15, 7, 12, 20, 8, 6, 'IpUWsMrgl0d3YqR6Y', 0),
(1097, 2, 1, 7, 8, 22, 20, 13, 21, 2, 23, 25, 6, 24, 14, 18, 12, 19, 'IpUWsMrgl0d3YqR6Y', 0),
(1098, 2, 1, 23, 14, 10, 2, 20, 22, 16, 15, 19, 7, 25, 8, 13, 12, 18, 'IpUWsMrgl0d3YqR6Y', 0),
(1099, 2, 1, 8, 18, 5, 16, 23, 13, 14, 3, 4, 15, 25, 10, 12, 9, 24, 'GdrkWgelhl4lZBM3l', 0),
(1100, 2, 1, 20, 8, 18, 12, 22, 14, 16, 10, 13, 4, 15, 24, 3, 25, 23, 'GdrkWgelhl4lZBM3l', 0),
(1101, 2, 1, 17, 9, 6, 3, 2, 23, 24, 22, 8, 10, 25, 4, 14, 15, 13, 'GdrkWgelhl4lZBM3l', 0),
(1102, 2, 1, 5, 13, 16, 24, 8, 25, 22, 9, 17, 10, 4, 20, 6, 15, 3, 'GdrkWgelhl4lZBM3l', 0),
(1103, 2, 1, 9, 22, 6, 24, 13, 14, 4, 23, 8, 17, 25, 10, 3, 2, 18, 'GdrkWgelhl4lZBM3l', 0),
(1104, 2, 1, 2, 14, 20, 25, 22, 16, 8, 3, 4, 15, 13, 18, 12, 6, 5, 'GdrkWgelhl4lZBM3l', 0),
(1105, 2, 1, 14, 8, 3, 15, 16, 2, 24, 5, 20, 22, 25, 4, 12, 9, 23, 'GdrkWgelhl4lZBM3l', 0),
(1106, 2, 1, 25, 14, 10, 3, 16, 23, 4, 15, 17, 9, 20, 8, 24, 22, 2, 'GdrkWgelhl4lZBM3l', 0),
(1107, 2, 1, 18, 23, 15, 16, 20, 13, 22, 25, 8, 2, 12, 9, 4, 17, 6, 'GdrkWgelhl4lZBM3l', 0),
(1108, 2, 1, 8, 10, 12, 22, 25, 13, 4, 16, 24, 15, 23, 20, 9, 5, 2, 'GdrkWgelhl4lZBM3l', 0),
(1109, 2, 1, 17, 24, 16, 8, 25, 12, 18, 3, 14, 22, 4, 20, 6, 5, 13, 'GdrkWgelhl4lZBM3l', 0),
(1110, 2, 1, 17, 6, 16, 7, 8, 10, 3, 2, 20, 25, 5, 11, 13, 24, 12, 'ZjImLQtgp9VfgeQmH', 0),
(1111, 2, 1, 18, 13, 6, 14, 10, 12, 22, 11, 16, 5, 3, 4, 7, 24, 25, 'ZjImLQtgp9VfgeQmH', 0),
(1112, 2, 1, 17, 25, 18, 8, 13, 20, 22, 24, 2, 16, 15, 6, 10, 11, 4, 'ZjImLQtgp9VfgeQmH', 0),
(1113, 2, 1, 15, 7, 25, 13, 24, 8, 3, 12, 6, 17, 4, 2, 10, 11, 18, 'ZjImLQtgp9VfgeQmH', 0),
(1114, 2, 1, 4, 3, 17, 5, 14, 11, 2, 25, 12, 7, 16, 6, 15, 13, 18, 'ZjImLQtgp9VfgeQmH', 0),
(1115, 2, 1, 11, 18, 20, 16, 4, 24, 17, 25, 8, 6, 15, 3, 13, 2, 12, 'ZjImLQtgp9VfgeQmH', 0),
(1116, 2, 1, 12, 11, 22, 13, 3, 15, 17, 7, 16, 24, 4, 5, 18, 8, 14, 'ZjImLQtgp9VfgeQmH', 0),
(1117, 2, 1, 4, 13, 10, 6, 14, 7, 15, 16, 8, 12, 22, 2, 11, 5, 3, 'ZjImLQtgp9VfgeQmH', 0),
(1118, 2, 1, 18, 24, 13, 4, 11, 25, 8, 5, 6, 17, 3, 12, 2, 10, 22, 'ZjImLQtgp9VfgeQmH', 0),
(1119, 2, 1, 10, 6, 20, 8, 22, 7, 14, 4, 15, 18, 17, 16, 24, 5, 3, 'ZjImLQtgp9VfgeQmH', 0),
(1120, 2, 1, 24, 17, 15, 10, 20, 2, 3, 16, 22, 5, 6, 11, 12, 4, 25, 'ZjImLQtgp9VfgeQmH', 0),
(1121, 2, 1, 12, 18, 17, 9, 16, 2, 8, 10, 14, 6, 24, 4, 25, 20, 7, 'OiHaAZlbicLci358i', 0),
(1122, 2, 1, 23, 4, 24, 17, 9, 14, 18, 13, 16, 8, 7, 20, 25, 6, 2, 'OiHaAZlbicLci358i', 0),
(1123, 2, 1, 2, 4, 24, 12, 7, 11, 6, 18, 25, 20, 14, 13, 17, 15, 23, 'OiHaAZlbicLci358i', 0),
(1124, 2, 1, 14, 4, 23, 17, 18, 10, 6, 25, 15, 24, 22, 20, 13, 11, 2, 'OiHaAZlbicLci358i', 0),
(1125, 2, 1, 22, 2, 25, 18, 4, 13, 10, 17, 23, 8, 24, 14, 12, 16, 20, 'OiHaAZlbicLci358i', 0),
(1126, 2, 1, 4, 16, 23, 8, 10, 15, 17, 7, 12, 9, 11, 22, 2, 14, 6, 'OiHaAZlbicLci358i', 0),
(1127, 2, 1, 13, 4, 9, 10, 14, 18, 23, 12, 25, 20, 11, 22, 8, 15, 2, 'OiHaAZlbicLci358i', 0),
(1128, 2, 1, 8, 25, 4, 23, 10, 18, 6, 20, 2, 9, 17, 7, 13, 12, 24, 'OiHaAZlbicLci358i', 0),
(1129, 2, 1, 14, 11, 6, 23, 22, 2, 10, 13, 17, 24, 12, 7, 15, 9, 18, 'OiHaAZlbicLci358i', 0),
(1130, 2, 1, 2, 24, 12, 8, 14, 22, 18, 15, 23, 7, 4, 25, 13, 16, 9, 'OiHaAZlbicLci358i', 0),
(1131, 2, 1, 8, 18, 4, 11, 12, 16, 22, 14, 20, 7, 2, 24, 23, 9, 25, 'OiHaAZlbicLci358i', 0),
(1132, 2, 1, 15, 23, 9, 20, 7, 16, 10, 4, 11, 25, 8, 13, 24, 12, 14, '5S4OZhagXUgtJNTDf', 0),
(1133, 2, 1, 20, 25, 10, 18, 12, 16, 2, 7, 8, 17, 4, 22, 13, 15, 23, '5S4OZhagXUgtJNTDf', 0),
(1134, 2, 1, 25, 16, 17, 22, 7, 2, 13, 11, 9, 24, 8, 14, 4, 10, 20, '5S4OZhagXUgtJNTDf', 0),
(1135, 2, 1, 7, 9, 4, 22, 2, 16, 23, 18, 17, 15, 14, 25, 8, 11, 24, '5S4OZhagXUgtJNTDf', 0),
(1136, 2, 1, 9, 25, 7, 22, 17, 6, 2, 11, 15, 18, 13, 23, 10, 4, 14, '5S4OZhagXUgtJNTDf', 0),
(1137, 2, 1, 25, 8, 12, 4, 20, 10, 11, 24, 13, 18, 9, 23, 17, 15, 16, '5S4OZhagXUgtJNTDf', 0),
(1138, 2, 1, 8, 10, 22, 14, 2, 18, 6, 20, 7, 12, 16, 4, 11, 9, 17, '5S4OZhagXUgtJNTDf', 0),
(1139, 2, 1, 24, 17, 7, 6, 14, 25, 12, 23, 10, 9, 22, 16, 18, 2, 8, '5S4OZhagXUgtJNTDf', 0),
(1140, 2, 1, 10, 15, 11, 12, 9, 24, 17, 13, 22, 23, 4, 7, 18, 16, 8, '5S4OZhagXUgtJNTDf', 0),
(1141, 2, 1, 8, 24, 14, 2, 18, 10, 4, 25, 6, 20, 12, 9, 11, 17, 15, '5S4OZhagXUgtJNTDf', 0),
(1142, 2, 1, 18, 12, 2, 15, 20, 10, 9, 24, 17, 22, 11, 8, 7, 23, 4, '5S4OZhagXUgtJNTDf', 0),
(1143, 2, 1, 23, 8, 2, 12, 14, 4, 24, 6, 20, 9, 10, 18, 11, 25, 7, 'BYE3rkb05qELM1inf', 0),
(1144, 2, 1, 24, 10, 8, 13, 11, 23, 7, 4, 9, 15, 22, 6, 18, 16, 14, 'BYE3rkb05qELM1inf', 0),
(1145, 2, 1, 11, 9, 13, 18, 2, 24, 23, 7, 10, 20, 4, 22, 6, 17, 12, 'BYE3rkb05qELM1inf', 0),
(1146, 2, 1, 11, 2, 9, 25, 20, 14, 13, 15, 4, 24, 16, 6, 23, 22, 17, 'BYE3rkb05qELM1inf', 0),
(1147, 2, 1, 25, 4, 22, 16, 24, 11, 14, 9, 17, 18, 20, 15, 8, 12, 13, 'BYE3rkb05qELM1inf', 0),
(1148, 2, 1, 15, 25, 18, 9, 8, 23, 24, 10, 20, 11, 16, 12, 6, 13, 14, 'BYE3rkb05qELM1inf', 0),
(1149, 2, 1, 20, 22, 13, 17, 14, 9, 18, 7, 24, 8, 12, 4, 16, 11, 23, 'BYE3rkb05qELM1inf', 0),
(1150, 2, 1, 15, 18, 13, 12, 17, 11, 10, 24, 8, 25, 9, 6, 4, 2, 16, 'BYE3rkb05qELM1inf', 0),
(1151, 2, 1, 17, 8, 15, 13, 18, 2, 6, 4, 14, 22, 7, 24, 9, 11, 12, 'BYE3rkb05qELM1inf', 0),
(1152, 2, 1, 12, 18, 17, 16, 24, 14, 25, 22, 20, 8, 23, 13, 4, 11, 9, 'BYE3rkb05qELM1inf', 0),
(1153, 2, 1, 11, 17, 15, 2, 18, 22, 24, 25, 7, 8, 4, 6, 12, 23, 10, 'BYE3rkb05qELM1inf', 0),
(1154, 2, 1, 6, 11, 23, 4, 5, 20, 14, 16, 15, 10, 2, 13, 25, 22, 3, 'fP5Vne6b7bCaIaqh6', 0),
(1155, 2, 1, 17, 14, 18, 12, 2, 4, 11, 3, 6, 10, 13, 15, 23, 25, 24, 'fP5Vne6b7bCaIaqh6', 0),
(1156, 2, 1, 18, 23, 17, 13, 14, 8, 20, 3, 6, 22, 15, 16, 12, 2, 4, 'fP5Vne6b7bCaIaqh6', 0),
(1157, 2, 1, 6, 5, 22, 2, 23, 3, 18, 4, 16, 8, 20, 12, 10, 17, 15, 'fP5Vne6b7bCaIaqh6', 0),
(1158, 2, 1, 2, 11, 22, 18, 17, 4, 10, 8, 12, 25, 6, 15, 24, 14, 13, 'fP5Vne6b7bCaIaqh6', 0),
(1159, 2, 1, 16, 6, 10, 24, 3, 15, 4, 22, 2, 23, 18, 12, 5, 13, 25, 'fP5Vne6b7bCaIaqh6', 0),
(1160, 2, 1, 14, 25, 12, 8, 10, 11, 24, 13, 6, 23, 20, 2, 5, 16, 15, 'fP5Vne6b7bCaIaqh6', 0),
(1161, 2, 1, 10, 4, 5, 22, 11, 18, 8, 12, 23, 17, 15, 13, 24, 2, 16, 'fP5Vne6b7bCaIaqh6', 0),
(1162, 2, 1, 15, 16, 18, 23, 24, 14, 13, 17, 8, 10, 6, 25, 2, 12, 22, 'fP5Vne6b7bCaIaqh6', 0),
(1163, 2, 1, 13, 5, 8, 10, 18, 22, 6, 2, 23, 14, 3, 25, 20, 11, 4, 'fP5Vne6b7bCaIaqh6', 0),
(1164, 2, 1, 5, 2, 8, 22, 20, 17, 10, 12, 11, 25, 24, 3, 13, 6, 14, 'fP5Vne6b7bCaIaqh6', 0),
(1165, 2, 1, 14, 15, 4, 16, 25, 20, 11, 6, 18, 3, 24, 8, 22, 5, 23, 'spfNMiWESws2bR48S', 0),
(1166, 2, 1, 4, 5, 12, 11, 24, 15, 16, 2, 20, 10, 3, 18, 25, 23, 8, 'spfNMiWESws2bR48S', 0),
(1167, 2, 1, 22, 4, 14, 10, 20, 12, 15, 24, 18, 6, 17, 8, 23, 3, 5, 'spfNMiWESws2bR48S', 0),
(1168, 2, 1, 18, 20, 12, 24, 4, 5, 16, 8, 13, 10, 25, 6, 3, 14, 2, 'spfNMiWESws2bR48S', 0),
(1169, 2, 1, 14, 4, 18, 8, 13, 24, 23, 20, 12, 15, 2, 16, 22, 10, 11, 'spfNMiWESws2bR48S', 0),
(1170, 2, 1, 14, 20, 2, 16, 6, 13, 15, 10, 12, 25, 24, 22, 23, 8, 18, 'spfNMiWESws2bR48S', 0),
(1171, 2, 1, 6, 14, 17, 11, 24, 8, 10, 25, 5, 23, 18, 13, 15, 2, 16, 'spfNMiWESws2bR48S', 0),
(1172, 2, 1, 12, 15, 2, 18, 24, 25, 16, 23, 8, 4, 20, 13, 11, 6, 10, 'spfNMiWESws2bR48S', 0),
(1173, 2, 1, 3, 11, 4, 8, 15, 22, 5, 6, 14, 20, 23, 18, 2, 16, 10, 'spfNMiWESws2bR48S', 0),
(1174, 2, 1, 23, 15, 8, 10, 12, 20, 25, 4, 24, 16, 3, 13, 2, 14, 6, 'spfNMiWESws2bR48S', 0),
(1175, 2, 1, 16, 22, 20, 6, 3, 8, 11, 4, 10, 15, 25, 17, 14, 5, 13, 'spfNMiWESws2bR48S', 0);

-- --------------------------------------------------------

--
-- Estrutura da tabela `temp_jogos_sete`
--

CREATE TABLE `temp_jogos_sete` (
  `id_users` int(11) NOT NULL,
  `status` int(11) NOT NULL,
  `num_um` int(11) NOT NULL,
  `num_dois` int(11) NOT NULL,
  `num_tres` int(11) NOT NULL,
  `num_quatro` int(11) NOT NULL,
  `num_cinco` int(11) NOT NULL,
  `num_seis` int(11) NOT NULL,
  `num_sete` int(11) NOT NULL,
  `num_oito` int(11) NOT NULL,
  `num_nove` int(11) NOT NULL,
  `num_dez` int(11) NOT NULL,
  `num_onze` int(11) NOT NULL,
  `num_doze` int(11) NOT NULL,
  `num_treze` int(11) NOT NULL,
  `num_quartoze` int(11) NOT NULL,
  `num_quinze` int(11) NOT NULL,
  `codigo` varchar(125) COLLATE utf8_bin NOT NULL,
  `id` int(11) NOT NULL
) ENGINE=InnoDB DEFAULT CHARSET=utf8 COLLATE=utf8_bin;

--
-- Extraindo dados da tabela `temp_jogos_sete`
--

INSERT INTO `temp_jogos_sete` (`id_users`, `status`, `num_um`, `num_dois`, `num_tres`, `num_quatro`, `num_cinco`, `num_seis`, `num_sete`, `num_oito`, `num_nove`, `num_dez`, `num_onze`, `num_doze`, `num_treze`, `num_quartoze`, `num_quinze`, `codigo`, `id`) VALUES
(2, 1, 21, 8, 14, 7, 9, 18, 22, 10, 23, 17, 11, 2, 25, 3, 16, 'TCoE0qye2ufM9qvWN', 1),
(2, 1, 11, 25, 14, 4, 22, 18, 7, 16, 17, 15, 23, 3, 8, 10, 2, 'TCoE0qye2ufM9qvWN', 2),
(2, 1, 4, 17, 10, 11, 15, 3, 25, 9, 7, 21, 22, 14, 2, 8, 23, 'TCoE0qye2ufM9qvWN', 3),
(2, 1, 14, 3, 22, 21, 4, 17, 8, 23, 18, 7, 15, 2, 10, 25, 9, 'TCoE0qye2ufM9qvWN', 4),
(2, 1, 23, 15, 25, 14, 3, 4, 16, 18, 17, 21, 22, 11, 7, 10, 2, 'TCoE0qye2ufM9qvWN', 5),
(2, 1, 11, 4, 14, 15, 17, 3, 25, 8, 2, 7, 22, 18, 16, 9, 23, 'TCoE0qye2ufM9qvWN', 6),
(2, 1, 18, 21, 15, 3, 7, 2, 11, 23, 9, 14, 10, 22, 25, 8, 16, 'TCoE0qye2ufM9qvWN', 7),
(2, 1, 14, 23, 25, 18, 16, 2, 11, 22, 4, 7, 10, 21, 9, 3, 8, 'TCoE0qye2ufM9qvWN', 8),
(2, 1, 14, 17, 10, 7, 11, 25, 15, 22, 8, 21, 18, 16, 3, 23, 4, 'TCoE0qye2ufM9qvWN', 9),
(2, 1, 17, 3, 4, 8, 23, 15, 18, 16, 9, 25, 14, 10, 21, 22, 7, 'TCoE0qye2ufM9qvWN', 10),
(2, 1, 3, 7, 11, 10, 9, 16, 17, 23, 21, 15, 8, 14, 4, 25, 18, 'TCoE0qye2ufM9qvWN', 11),
(2, 1, 11, 15, 21, 2, 8, 16, 10, 22, 14, 18, 17, 7, 25, 4, 3, 'TCoE0qye2ufM9qvWN', 12),
(2, 1, 7, 10, 9, 14, 15, 3, 2, 16, 21, 25, 11, 17, 8, 22, 4, 'TCoE0qye2ufM9qvWN', 13),
(2, 1, 2, 14, 25, 21, 11, 17, 7, 18, 10, 15, 22, 8, 9, 4, 3, 'TCoE0qye2ufM9qvWN', 14),
(2, 1, 7, 21, 8, 11, 16, 22, 18, 14, 17, 25, 2, 4, 9, 10, 15, 'TCoE0qye2ufM9qvWN', 15),
(2, 1, 4, 2, 21, 9, 14, 18, 7, 22, 16, 10, 15, 3, 8, 23, 11, 'TCoE0qye2ufM9qvWN', 16),
(2, 1, 17, 7, 9, 22, 10, 2, 3, 21, 25, 18, 23, 15, 16, 4, 8, 'TCoE0qye2ufM9qvWN', 17),
(2, 1, 9, 22, 14, 15, 11, 3, 4, 8, 17, 25, 16, 10, 18, 21, 2, 'TCoE0qye2ufM9qvWN', 18),
(2, 1, 7, 14, 16, 21, 3, 10, 4, 18, 9, 15, 22, 23, 11, 25, 2, 'TCoE0qye2ufM9qvWN', 19),
(2, 1, 8, 23, 18, 11, 9, 2, 3, 17, 21, 7, 4, 15, 16, 22, 10, 'TCoE0qye2ufM9qvWN', 20),
(2, 1, 2, 16, 23, 18, 10, 17, 4, 14, 11, 8, 22, 7, 21, 25, 3, 'TCoE0qye2ufM9qvWN', 21),
(2, 1, 25, 2, 10, 22, 9, 17, 21, 11, 14, 23, 16, 8, 15, 18, 7, 'TCoE0qye2ufM9qvWN', 22),
(2, 1, 15, 22, 9, 17, 4, 21, 14, 10, 18, 16, 8, 11, 2, 3, 7, 'TCoE0qye2ufM9qvWN', 23),
(2, 1, 4, 21, 11, 20, 16, 25, 10, 22, 13, 15, 5, 9, 6, 8, 7, 'mMEsGBd0RDIRR9tem', 24),
(2, 1, 20, 5, 25, 22, 11, 13, 14, 8, 15, 16, 4, 7, 10, 6, 21, 'mMEsGBd0RDIRR9tem', 25),
(2, 1, 25, 11, 7, 13, 21, 5, 10, 16, 15, 20, 14, 8, 2, 4, 22, 'mMEsGBd0RDIRR9tem', 26),
(2, 1, 10, 22, 20, 16, 14, 15, 8, 5, 9, 4, 13, 6, 25, 11, 7, 'mMEsGBd0RDIRR9tem', 27),
(2, 1, 2, 16, 20, 15, 5, 8, 9, 10, 4, 13, 25, 21, 6, 7, 14, 'mMEsGBd0RDIRR9tem', 28),
(2, 1, 5, 25, 15, 16, 2, 21, 11, 10, 20, 6, 7, 4, 9, 14, 8, 'mMEsGBd0RDIRR9tem', 29),
(2, 1, 14, 21, 10, 13, 9, 6, 22, 8, 7, 16, 2, 20, 5, 15, 4, 'mMEsGBd0RDIRR9tem', 30),
(2, 1, 13, 22, 25, 20, 14, 7, 11, 6, 8, 9, 21, 2, 4, 5, 15, 'mMEsGBd0RDIRR9tem', 31),
(2, 1, 6, 16, 20, 15, 25, 11, 21, 8, 4, 14, 2, 10, 13, 7, 22, 'mMEsGBd0RDIRR9tem', 32),
(2, 1, 6, 2, 25, 16, 13, 9, 5, 15, 8, 11, 10, 7, 4, 20, 21, 'mMEsGBd0RDIRR9tem', 33),
(2, 1, 25, 21, 6, 22, 11, 2, 13, 20, 16, 7, 9, 10, 15, 4, 5, 'mMEsGBd0RDIRR9tem', 34),
(2, 1, 21, 9, 16, 7, 4, 10, 20, 2, 8, 25, 14, 13, 5, 22, 6, 'mMEsGBd0RDIRR9tem', 35),
(2, 1, 11, 5, 22, 13, 21, 6, 20, 7, 15, 2, 10, 4, 14, 9, 25, 'mMEsGBd0RDIRR9tem', 36),
(2, 1, 16, 5, 4, 13, 7, 10, 14, 9, 15, 11, 2, 25, 6, 8, 22, 'mMEsGBd0RDIRR9tem', 37),
(2, 1, 8, 2, 10, 6, 20, 9, 7, 11, 16, 25, 13, 14, 22, 15, 5, 'mMEsGBd0RDIRR9tem', 38),
(2, 1, 7, 13, 25, 2, 16, 20, 14, 5, 8, 4, 21, 11, 6, 10, 9, 'mMEsGBd0RDIRR9tem', 39),
(2, 1, 16, 13, 10, 22, 4, 15, 14, 21, 6, 9, 20, 25, 8, 11, 7, 'mMEsGBd0RDIRR9tem', 40),
(2, 1, 13, 8, 21, 14, 25, 22, 5, 20, 9, 7, 6, 15, 2, 10, 11, 'mMEsGBd0RDIRR9tem', 41),
(2, 1, 25, 6, 21, 5, 20, 10, 15, 11, 8, 14, 9, 16, 4, 22, 2, 'mMEsGBd0RDIRR9tem', 42),
(2, 1, 9, 22, 6, 2, 7, 8, 14, 21, 4, 15, 20, 10, 11, 16, 13, 'mMEsGBd0RDIRR9tem', 43),
(2, 1, 16, 4, 6, 21, 20, 2, 10, 14, 25, 11, 22, 13, 7, 5, 8, 'mMEsGBd0RDIRR9tem', 44),
(2, 1, 16, 8, 22, 7, 9, 13, 14, 21, 4, 5, 25, 10, 15, 6, 2, 'mMEsGBd0RDIRR9tem', 45),
(2, 1, 11, 9, 7, 14, 25, 2, 5, 20, 15, 21, 4, 6, 22, 10, 13, 'mMEsGBd0RDIRR9tem', 46),
(2, 1, 2, 15, 14, 23, 25, 6, 9, 24, 11, 5, 22, 16, 4, 21, 18, 's8Tk7hI7Pj31lnl0J', 47),
(2, 1, 22, 4, 9, 16, 8, 2, 21, 6, 18, 15, 23, 24, 5, 14, 11, 's8Tk7hI7Pj31lnl0J', 48),
(2, 1, 8, 2, 5, 22, 16, 14, 6, 11, 21, 24, 9, 18, 15, 20, 25, 's8Tk7hI7Pj31lnl0J', 49),
(2, 1, 4, 5, 20, 22, 11, 18, 14, 9, 16, 24, 23, 25, 15, 6, 2, 's8Tk7hI7Pj31lnl0J', 50),
(2, 1, 5, 2, 8, 14, 15, 20, 4, 22, 23, 24, 18, 16, 11, 21, 6, 's8Tk7hI7Pj31lnl0J', 51),
(2, 1, 11, 24, 4, 14, 21, 22, 6, 25, 2, 20, 9, 23, 18, 15, 16, 's8Tk7hI7Pj31lnl0J', 52),
(2, 1, 24, 20, 23, 9, 5, 15, 22, 2, 14, 16, 8, 21, 4, 11, 6, 's8Tk7hI7Pj31lnl0J', 53),
(2, 1, 4, 25, 11, 9, 8, 23, 2, 16, 18, 20, 15, 22, 5, 14, 6, 's8Tk7hI7Pj31lnl0J', 54),
(2, 1, 25, 14, 4, 16, 20, 23, 6, 5, 9, 18, 21, 8, 15, 22, 24, 's8Tk7hI7Pj31lnl0J', 55),
(2, 1, 16, 15, 25, 18, 21, 23, 6, 4, 14, 20, 9, 2, 24, 11, 5, 's8Tk7hI7Pj31lnl0J', 56),
(2, 1, 16, 21, 6, 25, 22, 14, 2, 5, 15, 24, 11, 4, 23, 20, 9, 's8Tk7hI7Pj31lnl0J', 57),
(2, 1, 9, 4, 15, 16, 21, 14, 24, 22, 6, 23, 18, 5, 2, 25, 11, 's8Tk7hI7Pj31lnl0J', 58),
(2, 1, 9, 6, 18, 20, 21, 16, 24, 2, 11, 25, 14, 15, 4, 23, 5, 's8Tk7hI7Pj31lnl0J', 59),
(2, 1, 4, 9, 16, 14, 11, 21, 25, 8, 24, 15, 18, 20, 23, 6, 5, 's8Tk7hI7Pj31lnl0J', 60),
(2, 1, 22, 8, 14, 6, 24, 9, 2, 20, 5, 21, 23, 16, 15, 18, 25, 's8Tk7hI7Pj31lnl0J', 61),
(2, 1, 20, 14, 9, 18, 25, 8, 23, 11, 24, 5, 4, 16, 2, 15, 22, 's8Tk7hI7Pj31lnl0J', 62),
(2, 1, 25, 15, 14, 18, 5, 4, 24, 9, 11, 2, 6, 21, 23, 20, 22, 's8Tk7hI7Pj31lnl0J', 63),
(2, 1, 21, 6, 15, 9, 22, 4, 16, 5, 25, 11, 14, 20, 23, 18, 8, 's8Tk7hI7Pj31lnl0J', 64),
(2, 1, 9, 18, 20, 5, 14, 23, 21, 11, 4, 15, 16, 6, 2, 25, 22, 's8Tk7hI7Pj31lnl0J', 65),
(2, 1, 9, 25, 5, 16, 2, 4, 21, 14, 8, 24, 6, 11, 20, 18, 15, 's8Tk7hI7Pj31lnl0J', 66),
(2, 1, 23, 21, 11, 4, 25, 20, 16, 18, 14, 15, 9, 2, 24, 22, 8, 's8Tk7hI7Pj31lnl0J', 67),
(2, 1, 11, 9, 20, 16, 25, 2, 6, 23, 22, 8, 21, 24, 14, 18, 5, 's8Tk7hI7Pj31lnl0J', 68),
(2, 1, 16, 20, 11, 25, 4, 22, 5, 18, 14, 8, 24, 6, 2, 21, 23, 's8Tk7hI7Pj31lnl0J', 69),
(2, 1, 23, 16, 25, 20, 15, 22, 14, 2, 11, 5, 6, 18, 4, 21, 9, '4ID58AlUD7X8cRYnh', 70),
(2, 1, 22, 16, 20, 11, 23, 5, 21, 6, 8, 24, 9, 18, 2, 15, 14, '4ID58AlUD7X8cRYnh', 71),
(2, 1, 2, 5, 23, 15, 6, 24, 8, 20, 22, 25, 16, 21, 4, 11, 9, '4ID58AlUD7X8cRYnh', 72),
(2, 1, 25, 11, 6, 8, 24, 5, 23, 16, 22, 15, 21, 4, 9, 14, 20, '4ID58AlUD7X8cRYnh', 73),
(2, 1, 18, 9, 6, 16, 5, 23, 8, 22, 14, 2, 15, 24, 21, 25, 4, '4ID58AlUD7X8cRYnh', 74),
(2, 1, 4, 14, 2, 6, 8, 5, 9, 22, 18, 24, 16, 25, 20, 11, 23, '4ID58AlUD7X8cRYnh', 75),
(2, 1, 24, 22, 16, 18, 4, 9, 25, 14, 20, 21, 23, 11, 2, 8, 5, '4ID58AlUD7X8cRYnh', 76),
(2, 1, 2, 20, 21, 22, 6, 11, 18, 24, 9, 23, 25, 8, 15, 4, 5, '4ID58AlUD7X8cRYnh', 77),
(2, 1, 20, 18, 9, 24, 4, 8, 2, 16, 21, 11, 5, 25, 6, 23, 22, '4ID58AlUD7X8cRYnh', 78),
(2, 1, 25, 14, 23, 20, 2, 8, 22, 5, 24, 9, 21, 4, 11, 16, 18, '4ID58AlUD7X8cRYnh', 79),
(2, 1, 23, 16, 24, 22, 4, 25, 6, 21, 2, 14, 15, 9, 8, 18, 11, '4ID58AlUD7X8cRYnh', 80),
(2, 1, 21, 23, 14, 11, 2, 16, 6, 9, 4, 22, 18, 25, 15, 5, 20, '4ID58AlUD7X8cRYnh', 81),
(2, 1, 15, 8, 20, 2, 25, 4, 22, 23, 16, 6, 18, 11, 5, 9, 24, '4ID58AlUD7X8cRYnh', 82),
(2, 1, 24, 2, 20, 9, 14, 11, 18, 5, 6, 21, 25, 15, 4, 8, 16, '4ID58AlUD7X8cRYnh', 83),
(2, 1, 9, 21, 5, 24, 15, 18, 16, 23, 8, 6, 11, 25, 22, 2, 14, '4ID58AlUD7X8cRYnh', 84),
(2, 1, 20, 2, 16, 18, 15, 23, 21, 5, 4, 6, 9, 25, 22, 24, 8, '4ID58AlUD7X8cRYnh', 85),
(2, 1, 8, 4, 24, 25, 21, 14, 15, 20, 5, 6, 23, 22, 18, 2, 16, '4ID58AlUD7X8cRYnh', 86),
(2, 1, 21, 16, 6, 11, 2, 5, 18, 15, 20, 23, 9, 24, 8, 25, 14, '4ID58AlUD7X8cRYnh', 87),
(2, 1, 9, 24, 20, 4, 23, 16, 15, 2, 22, 6, 21, 5, 25, 18, 11, '4ID58AlUD7X8cRYnh', 88),
(2, 1, 4, 2, 24, 15, 23, 16, 5, 14, 21, 11, 9, 20, 8, 18, 25, '4ID58AlUD7X8cRYnh', 89),
(2, 1, 21, 16, 9, 4, 5, 24, 20, 22, 11, 18, 15, 23, 2, 8, 14, '4ID58AlUD7X8cRYnh', 90),
(2, 1, 23, 18, 4, 8, 20, 22, 15, 2, 9, 21, 6, 25, 16, 14, 5, '4ID58AlUD7X8cRYnh', 91),
(2, 1, 25, 9, 4, 6, 14, 24, 20, 11, 18, 8, 22, 15, 2, 16, 5, '4ID58AlUD7X8cRYnh', 92),
(2, 1, 2, 13, 16, 17, 15, 9, 3, 22, 11, 4, 8, 23, 10, 21, 18, 'QWIvKCcUEKatQ4sGC', 93),
(2, 1, 17, 8, 2, 6, 16, 23, 4, 13, 3, 14, 11, 9, 18, 22, 15, 'QWIvKCcUEKatQ4sGC', 94),
(2, 1, 16, 17, 9, 15, 6, 22, 8, 10, 23, 18, 2, 11, 13, 3, 21, 'QWIvKCcUEKatQ4sGC', 95),
(2, 1, 16, 9, 22, 10, 8, 3, 15, 18, 11, 14, 6, 23, 2, 4, 17, 'QWIvKCcUEKatQ4sGC', 96),
(2, 1, 13, 2, 16, 15, 14, 8, 11, 17, 9, 10, 23, 3, 18, 6, 21, 'QWIvKCcUEKatQ4sGC', 97),
(2, 1, 15, 10, 8, 14, 21, 16, 23, 22, 3, 18, 11, 9, 6, 13, 4, 'QWIvKCcUEKatQ4sGC', 98),
(2, 1, 8, 13, 23, 18, 2, 4, 10, 17, 6, 9, 11, 14, 16, 21, 15, 'QWIvKCcUEKatQ4sGC', 99),
(2, 1, 22, 3, 8, 2, 9, 11, 14, 6, 13, 15, 18, 17, 23, 16, 4, 'QWIvKCcUEKatQ4sGC', 100),
(2, 1, 2, 13, 16, 17, 10, 21, 6, 23, 3, 15, 9, 11, 14, 8, 22, 'QWIvKCcUEKatQ4sGC', 101),
(2, 1, 6, 18, 2, 17, 3, 15, 4, 11, 9, 14, 13, 21, 8, 23, 22, 'QWIvKCcUEKatQ4sGC', 102),
(2, 1, 6, 9, 10, 4, 16, 14, 3, 17, 15, 18, 21, 22, 13, 11, 23, 'QWIvKCcUEKatQ4sGC', 103),
(2, 1, 6, 11, 15, 14, 18, 2, 17, 8, 23, 4, 21, 10, 13, 9, 22, 'QWIvKCcUEKatQ4sGC', 104),
(2, 1, 4, 22, 8, 9, 10, 16, 21, 17, 13, 14, 6, 11, 15, 3, 18, 'QWIvKCcUEKatQ4sGC', 105),
(2, 1, 22, 18, 11, 21, 2, 17, 6, 15, 3, 4, 14, 10, 16, 8, 13, 'QWIvKCcUEKatQ4sGC', 106),
(2, 1, 4, 8, 22, 10, 9, 18, 6, 16, 15, 23, 21, 11, 3, 17, 2, 'QWIvKCcUEKatQ4sGC', 107),
(2, 1, 16, 2, 11, 14, 4, 6, 3, 22, 21, 13, 9, 17, 10, 23, 8, 'QWIvKCcUEKatQ4sGC', 108),
(2, 1, 4, 15, 10, 21, 14, 13, 6, 22, 18, 11, 2, 9, 17, 23, 3, 'QWIvKCcUEKatQ4sGC', 109),
(2, 1, 23, 14, 2, 17, 10, 21, 11, 9, 8, 16, 22, 15, 3, 4, 18, 'QWIvKCcUEKatQ4sGC', 110),
(2, 1, 9, 13, 8, 22, 14, 3, 11, 4, 21, 6, 18, 10, 2, 16, 15, 'QWIvKCcUEKatQ4sGC', 111),
(2, 1, 4, 17, 15, 18, 23, 13, 16, 9, 11, 2, 21, 22, 10, 8, 6, 'QWIvKCcUEKatQ4sGC', 112),
(2, 1, 10, 9, 11, 8, 15, 4, 6, 17, 3, 22, 14, 16, 13, 21, 2, 'QWIvKCcUEKatQ4sGC', 113),
(2, 1, 14, 22, 9, 10, 6, 2, 18, 4, 21, 3, 17, 8, 16, 15, 13, 'QWIvKCcUEKatQ4sGC', 114),
(2, 1, 13, 9, 18, 16, 10, 22, 11, 23, 17, 15, 6, 8, 3, 2, 14, 'QWIvKCcUEKatQ4sGC', 115),
(2, 1, 17, 2, 16, 8, 18, 3, 12, 9, 15, 24, 10, 14, 23, 22, 4, 'p9Rufkh9aVp60H2hS', 116),
(2, 1, 9, 2, 24, 12, 7, 22, 14, 17, 23, 16, 6, 8, 4, 3, 18, 'p9Rufkh9aVp60H2hS', 117),
(2, 1, 10, 12, 22, 9, 8, 14, 6, 15, 16, 2, 3, 7, 24, 23, 18, 'p9Rufkh9aVp60H2hS', 118),
(2, 1, 16, 15, 23, 14, 8, 2, 12, 24, 9, 10, 7, 4, 3, 18, 6, 'p9Rufkh9aVp60H2hS', 119),
(2, 1, 10, 8, 9, 18, 22, 4, 14, 16, 2, 7, 24, 15, 23, 17, 3, 'p9Rufkh9aVp60H2hS', 120),
(2, 1, 3, 12, 18, 4, 6, 17, 15, 7, 2, 22, 16, 23, 8, 10, 14, 'p9Rufkh9aVp60H2hS', 121),
(2, 1, 22, 14, 18, 23, 17, 2, 12, 10, 3, 24, 8, 4, 6, 15, 7, 'p9Rufkh9aVp60H2hS', 122),
(2, 1, 12, 15, 17, 10, 8, 4, 18, 9, 24, 16, 3, 2, 22, 23, 7, 'p9Rufkh9aVp60H2hS', 123),
(2, 1, 18, 2, 23, 10, 17, 8, 4, 12, 6, 9, 7, 14, 3, 22, 16, 'p9Rufkh9aVp60H2hS', 124),
(2, 1, 6, 17, 10, 7, 8, 12, 14, 2, 3, 22, 23, 16, 4, 9, 18, 'p9Rufkh9aVp60H2hS', 125),
(2, 1, 8, 15, 16, 6, 14, 12, 24, 3, 18, 17, 7, 2, 4, 10, 9, 'p9Rufkh9aVp60H2hS', 126),
(2, 1, 4, 12, 18, 2, 24, 16, 3, 6, 15, 10, 9, 23, 7, 22, 14, 'p9Rufkh9aVp60H2hS', 127),
(2, 1, 16, 10, 3, 2, 14, 22, 8, 4, 23, 15, 7, 6, 24, 12, 9, 'p9Rufkh9aVp60H2hS', 128),
(2, 1, 23, 10, 22, 18, 2, 7, 16, 6, 9, 12, 15, 8, 3, 17, 14, 'p9Rufkh9aVp60H2hS', 129),
(2, 1, 16, 3, 10, 17, 24, 12, 15, 23, 7, 14, 9, 2, 6, 18, 4, 'p9Rufkh9aVp60H2hS', 130),
(2, 1, 3, 2, 10, 17, 23, 24, 6, 4, 12, 16, 15, 8, 14, 18, 7, 'p9Rufkh9aVp60H2hS', 131),
(2, 1, 17, 10, 18, 23, 4, 2, 15, 22, 16, 9, 8, 3, 14, 24, 7, 'p9Rufkh9aVp60H2hS', 132),
(2, 1, 24, 4, 15, 14, 16, 23, 10, 3, 8, 7, 22, 18, 17, 12, 6, 'p9Rufkh9aVp60H2hS', 133),
(2, 1, 18, 9, 22, 3, 8, 7, 14, 23, 10, 6, 12, 24, 16, 17, 2, 'p9Rufkh9aVp60H2hS', 134),
(2, 1, 18, 16, 17, 3, 9, 12, 2, 8, 23, 10, 15, 24, 14, 6, 4, 'p9Rufkh9aVp60H2hS', 135),
(2, 1, 22, 16, 15, 12, 4, 14, 18, 2, 17, 7, 10, 3, 9, 8, 23, 'p9Rufkh9aVp60H2hS', 136),
(2, 1, 24, 4, 2, 3, 6, 14, 18, 17, 9, 15, 23, 10, 16, 12, 7, 'p9Rufkh9aVp60H2hS', 137),
(2, 1, 12, 2, 14, 6, 17, 15, 24, 18, 23, 16, 10, 22, 7, 8, 4, 'p9Rufkh9aVp60H2hS', 138),
(2, 1, 21, 16, 22, 8, 18, 3, 24, 9, 13, 15, 11, 2, 23, 4, 25, 'MsvAjW9anwp85F8LV', 139),
(2, 1, 22, 23, 11, 8, 21, 3, 18, 9, 7, 4, 17, 13, 2, 24, 25, 'MsvAjW9anwp85F8LV', 140),
(2, 1, 21, 17, 7, 16, 4, 11, 25, 13, 3, 22, 23, 15, 9, 2, 8, 'MsvAjW9anwp85F8LV', 141),
(2, 1, 23, 9, 7, 13, 25, 18, 24, 3, 8, 22, 21, 15, 16, 4, 2, 'MsvAjW9anwp85F8LV', 142),
(2, 1, 22, 4, 23, 13, 17, 11, 3, 15, 7, 16, 25, 8, 24, 2, 18, 'MsvAjW9anwp85F8LV', 143),
(2, 1, 7, 24, 4, 23, 21, 18, 8, 25, 16, 22, 9, 13, 2, 15, 11, 'MsvAjW9anwp85F8LV', 144),
(2, 1, 8, 18, 22, 17, 21, 11, 25, 4, 13, 2, 9, 15, 24, 3, 16, 'MsvAjW9anwp85F8LV', 145),
(2, 1, 24, 25, 8, 11, 21, 13, 17, 18, 2, 7, 15, 16, 22, 3, 4, 'MsvAjW9anwp85F8LV', 146),
(2, 1, 24, 7, 15, 8, 4, 23, 17, 16, 9, 22, 25, 2, 3, 21, 18, 'MsvAjW9anwp85F8LV', 147),
(2, 1, 13, 2, 9, 15, 24, 23, 7, 16, 21, 4, 17, 8, 22, 25, 18, 'MsvAjW9anwp85F8LV', 148),
(2, 1, 4, 18, 25, 11, 9, 17, 23, 24, 2, 7, 21, 8, 13, 16, 22, 'MsvAjW9anwp85F8LV', 149),
(2, 1, 22, 16, 13, 25, 3, 9, 21, 2, 24, 7, 23, 15, 8, 18, 4, 'MsvAjW9anwp85F8LV', 150),
(2, 1, 7, 17, 24, 22, 21, 15, 11, 9, 13, 4, 2, 23, 18, 3, 25, 'MsvAjW9anwp85F8LV', 151),
(2, 1, 17, 16, 25, 18, 23, 8, 24, 3, 11, 21, 7, 2, 13, 15, 4, 'MsvAjW9anwp85F8LV', 152),
(2, 1, 23, 25, 22, 16, 8, 7, 13, 21, 3, 2, 11, 18, 9, 17, 15, 'MsvAjW9anwp85F8LV', 153),
(2, 1, 11, 13, 9, 4, 8, 17, 18, 25, 16, 15, 3, 7, 22, 21, 24, 'MsvAjW9anwp85F8LV', 154),
(2, 1, 4, 13, 22, 25, 23, 8, 3, 24, 9, 7, 11, 18, 2, 21, 17, 'MsvAjW9anwp85F8LV', 155),
(2, 1, 9, 4, 17, 13, 23, 22, 8, 11, 24, 18, 16, 7, 2, 25, 21, 'MsvAjW9anwp85F8LV', 156),
(2, 1, 21, 15, 18, 3, 17, 2, 13, 22, 16, 24, 4, 25, 7, 23, 8, 'MsvAjW9anwp85F8LV', 157),
(2, 1, 8, 2, 9, 11, 15, 18, 23, 4, 21, 25, 3, 17, 22, 13, 24, 'MsvAjW9anwp85F8LV', 158),
(2, 1, 16, 13, 7, 21, 22, 4, 24, 18, 3, 25, 2, 23, 15, 9, 11, 'MsvAjW9anwp85F8LV', 159),
(2, 1, 15, 23, 11, 22, 18, 3, 17, 24, 2, 9, 16, 21, 8, 13, 25, 'MsvAjW9anwp85F8LV', 160),
(2, 1, 3, 25, 16, 7, 22, 11, 17, 9, 4, 18, 23, 2, 15, 8, 21, 'MsvAjW9anwp85F8LV', 161),
(2, 1, 15, 4, 24, 2, 25, 8, 13, 21, 16, 9, 14, 5, 22, 20, 7, 'dA9QdrfyJr0XMEpCM', 162),
(2, 1, 15, 16, 21, 6, 13, 22, 4, 9, 2, 14, 18, 20, 8, 5, 24, 'dA9QdrfyJr0XMEpCM', 163),
(2, 1, 14, 21, 4, 15, 13, 7, 9, 25, 2, 18, 16, 6, 8, 5, 24, 'dA9QdrfyJr0XMEpCM', 164),
(2, 1, 20, 7, 13, 24, 15, 2, 4, 18, 5, 14, 6, 25, 8, 16, 9, 'dA9QdrfyJr0XMEpCM', 165),
(2, 1, 7, 15, 20, 4, 16, 25, 14, 24, 8, 2, 18, 5, 22, 9, 13, 'dA9QdrfyJr0XMEpCM', 166),
(2, 1, 5, 14, 8, 15, 6, 18, 22, 20, 2, 25, 21, 7, 9, 24, 13, 'dA9QdrfyJr0XMEpCM', 167),
(2, 1, 25, 21, 24, 4, 18, 22, 7, 6, 5, 8, 20, 16, 9, 14, 15, 'dA9QdrfyJr0XMEpCM', 168),
(2, 1, 5, 22, 13, 8, 15, 18, 4, 16, 14, 25, 20, 21, 24, 7, 2, 'dA9QdrfyJr0XMEpCM', 169),
(2, 1, 9, 8, 4, 2, 6, 7, 25, 14, 5, 24, 18, 16, 22, 15, 20, 'dA9QdrfyJr0XMEpCM', 170),
(2, 1, 14, 8, 13, 20, 16, 2, 6, 4, 9, 22, 21, 7, 24, 25, 18, 'dA9QdrfyJr0XMEpCM', 171),
(2, 1, 24, 9, 18, 20, 5, 6, 21, 2, 22, 25, 15, 16, 8, 14, 13, 'dA9QdrfyJr0XMEpCM', 172),
(2, 1, 18, 8, 13, 5, 4, 9, 6, 16, 2, 20, 25, 22, 24, 14, 15, 'dA9QdrfyJr0XMEpCM', 173),
(2, 1, 20, 22, 16, 14, 24, 4, 25, 15, 13, 21, 2, 8, 9, 5, 18, 'dA9QdrfyJr0XMEpCM', 174),
(2, 1, 9, 15, 4, 2, 24, 14, 20, 8, 16, 25, 6, 5, 7, 18, 13, 'dA9QdrfyJr0XMEpCM', 175),
(2, 1, 15, 25, 20, 9, 14, 4, 13, 24, 18, 7, 8, 2, 5, 22, 6, 'dA9QdrfyJr0XMEpCM', 176),
(2, 1, 18, 8, 22, 5, 6, 21, 14, 4, 9, 20, 24, 2, 13, 7, 25, 'dA9QdrfyJr0XMEpCM', 177),
(2, 1, 14, 22, 20, 4, 13, 18, 2, 8, 25, 9, 15, 5, 6, 21, 7, 'dA9QdrfyJr0XMEpCM', 178),
(2, 1, 6, 7, 13, 2, 21, 24, 5, 9, 16, 20, 15, 18, 22, 25, 14, 'dA9QdrfyJr0XMEpCM', 179),
(2, 1, 2, 13, 21, 9, 5, 20, 7, 4, 14, 18, 15, 8, 16, 6, 24, 'dA9QdrfyJr0XMEpCM', 180),
(2, 1, 18, 9, 13, 22, 7, 15, 4, 6, 8, 2, 24, 25, 16, 20, 5, 'dA9QdrfyJr0XMEpCM', 181),
(2, 1, 8, 13, 2, 22, 15, 16, 9, 4, 14, 21, 20, 5, 18, 25, 24, 'dA9QdrfyJr0XMEpCM', 182),
(2, 1, 25, 15, 6, 2, 9, 5, 4, 16, 24, 8, 18, 14, 13, 22, 20, 'dA9QdrfyJr0XMEpCM', 183),
(2, 1, 6, 4, 16, 2, 9, 18, 25, 8, 24, 5, 22, 14, 21, 15, 7, 'dA9QdrfyJr0XMEpCM', 184),
(2, 1, 7, 16, 21, 25, 14, 15, 22, 6, 5, 20, 17, 13, 3, 8, 9, 'meEsXdVkESbwTSOao', 185),
(2, 1, 3, 13, 16, 6, 7, 14, 22, 20, 11, 25, 17, 21, 8, 23, 15, 'meEsXdVkESbwTSOao', 186),
(2, 1, 15, 25, 20, 17, 7, 16, 3, 21, 23, 9, 11, 6, 14, 5, 22, 'meEsXdVkESbwTSOao', 187),
(2, 1, 25, 13, 9, 22, 17, 7, 11, 5, 23, 16, 8, 21, 14, 20, 3, 'meEsXdVkESbwTSOao', 188),
(2, 1, 16, 14, 21, 25, 17, 3, 15, 11, 23, 7, 22, 13, 20, 8, 9, 'meEsXdVkESbwTSOao', 189),
(2, 1, 16, 14, 7, 3, 9, 6, 8, 17, 20, 21, 5, 15, 22, 25, 11, 'meEsXdVkESbwTSOao', 190),
(2, 1, 16, 23, 11, 5, 15, 8, 3, 17, 6, 13, 21, 7, 14, 9, 20, 'meEsXdVkESbwTSOao', 191),
(2, 1, 9, 15, 20, 11, 16, 21, 7, 14, 17, 3, 23, 8, 5, 6, 22, 'meEsXdVkESbwTSOao', 192),
(2, 1, 20, 16, 3, 21, 7, 11, 23, 5, 13, 15, 9, 14, 8, 22, 25, 'meEsXdVkESbwTSOao', 193),
(2, 1, 16, 11, 6, 3, 17, 21, 9, 14, 5, 13, 20, 8, 23, 25, 15, 'meEsXdVkESbwTSOao', 194),
(2, 1, 9, 14, 7, 6, 16, 11, 13, 20, 15, 3, 8, 21, 25, 22, 17, 'meEsXdVkESbwTSOao', 195),
(2, 1, 14, 9, 17, 3, 16, 11, 15, 23, 5, 8, 7, 6, 21, 25, 13, 'meEsXdVkESbwTSOao', 196),
(2, 1, 8, 17, 9, 15, 6, 7, 20, 11, 13, 23, 25, 21, 22, 3, 5, 'meEsXdVkESbwTSOao', 197),
(2, 1, 20, 11, 5, 17, 22, 7, 8, 6, 15, 25, 13, 16, 9, 21, 14, 'meEsXdVkESbwTSOao', 198),
(2, 1, 13, 11, 15, 17, 14, 16, 5, 21, 20, 3, 9, 25, 8, 22, 23, 'meEsXdVkESbwTSOao', 199),
(2, 1, 25, 20, 6, 22, 15, 21, 11, 17, 7, 13, 23, 14, 5, 3, 8, 'meEsXdVkESbwTSOao', 200),
(2, 1, 25, 11, 5, 22, 15, 6, 8, 14, 13, 20, 23, 17, 3, 9, 7, 'meEsXdVkESbwTSOao', 201),
(2, 1, 20, 14, 9, 6, 15, 22, 8, 21, 23, 7, 25, 13, 5, 3, 16, 'meEsXdVkESbwTSOao', 202),
(2, 1, 20, 5, 11, 25, 16, 23, 9, 13, 3, 15, 22, 14, 7, 8, 17, 'meEsXdVkESbwTSOao', 203),
(2, 1, 23, 7, 16, 11, 17, 3, 6, 25, 8, 13, 22, 9, 21, 20, 14, 'meEsXdVkESbwTSOao', 204),
(2, 1, 5, 13, 9, 20, 8, 3, 11, 23, 7, 6, 21, 22, 25, 16, 17, 'meEsXdVkESbwTSOao', 205),
(2, 1, 7, 9, 14, 25, 21, 15, 22, 16, 13, 8, 23, 20, 5, 3, 11, 'meEsXdVkESbwTSOao', 206),
(2, 1, 3, 15, 9, 23, 11, 16, 13, 8, 17, 5, 20, 7, 22, 21, 25, 'meEsXdVkESbwTSOao', 207),
(1, 1, 11, 17, 18, 2, 21, 23, 6, 3, 8, 4, 15, 16, 14, 13, 22, 'fFAnoHkjquTp38v4M', 208),
(1, 1, 3, 17, 14, 13, 21, 23, 4, 11, 24, 6, 18, 2, 8, 9, 22, 'fFAnoHkjquTp38v4M', 209),
(1, 1, 3, 6, 15, 11, 22, 18, 8, 13, 17, 14, 23, 16, 21, 2, 24, 'fFAnoHkjquTp38v4M', 210),
(1, 1, 13, 21, 3, 22, 14, 6, 2, 23, 15, 18, 17, 9, 8, 11, 24, 'fFAnoHkjquTp38v4M', 211),
(1, 1, 16, 23, 22, 15, 6, 4, 24, 18, 9, 3, 8, 2, 14, 11, 17, 'fFAnoHkjquTp38v4M', 212),
(1, 1, 6, 8, 24, 11, 18, 16, 3, 2, 14, 13, 21, 4, 9, 17, 23, 'fFAnoHkjquTp38v4M', 213),
(1, 1, 8, 15, 9, 6, 22, 17, 13, 4, 23, 16, 24, 18, 21, 2, 3, 'fFAnoHkjquTp38v4M', 214),
(1, 1, 13, 14, 11, 23, 24, 22, 9, 17, 6, 2, 18, 4, 16, 3, 8, 'fFAnoHkjquTp38v4M', 215),
(1, 1, 11, 24, 6, 15, 4, 8, 21, 23, 17, 3, 2, 9, 18, 13, 22, 'fFAnoHkjquTp38v4M', 216),
(1, 1, 21, 3, 6, 17, 18, 13, 14, 16, 11, 9, 15, 23, 8, 24, 22, 'fFAnoHkjquTp38v4M', 217),
(1, 1, 3, 4, 6, 15, 16, 17, 11, 13, 9, 24, 18, 2, 21, 14, 23, 'fFAnoHkjquTp38v4M', 218),
(1, 1, 23, 11, 2, 13, 22, 17, 3, 9, 16, 21, 8, 18, 6, 15, 14, 'fFAnoHkjquTp38v4M', 219),
(1, 1, 3, 22, 17, 6, 14, 15, 8, 23, 24, 16, 13, 2, 4, 18, 11, 'fFAnoHkjquTp38v4M', 220),
(1, 1, 14, 4, 8, 3, 24, 22, 9, 16, 21, 15, 13, 23, 6, 2, 11, 'fFAnoHkjquTp38v4M', 221),
(1, 1, 16, 17, 23, 6, 11, 22, 24, 13, 8, 3, 15, 4, 18, 9, 2, 'fFAnoHkjquTp38v4M', 222),
(1, 1, 16, 21, 3, 13, 2, 17, 8, 4, 24, 11, 18, 14, 15, 22, 6, 'fFAnoHkjquTp38v4M', 223),
(1, 1, 16, 24, 14, 17, 22, 6, 21, 11, 4, 9, 18, 15, 23, 13, 3, 'fFAnoHkjquTp38v4M', 224),
(1, 1, 18, 9, 17, 2, 8, 16, 22, 21, 15, 13, 23, 14, 3, 11, 24, 'fFAnoHkjquTp38v4M', 225),
(1, 1, 15, 11, 22, 18, 23, 16, 21, 6, 2, 8, 17, 14, 9, 4, 13, 'fFAnoHkjquTp38v4M', 226),
(1, 1, 11, 6, 2, 8, 14, 3, 22, 13, 23, 15, 9, 16, 21, 18, 4, 'fFAnoHkjquTp38v4M', 227),
(1, 1, 8, 13, 11, 2, 21, 22, 24, 17, 6, 23, 15, 9, 3, 18, 14, 'fFAnoHkjquTp38v4M', 228),
(1, 1, 18, 22, 15, 17, 8, 14, 21, 11, 2, 13, 9, 4, 3, 23, 24, 'fFAnoHkjquTp38v4M', 229),
(1, 1, 22, 2, 23, 11, 8, 15, 16, 24, 6, 18, 14, 13, 21, 3, 4, 'fFAnoHkjquTp38v4M', 230);

-- --------------------------------------------------------

--
-- Estrutura da tabela `temp_jogos_tres`
--

CREATE TABLE `temp_jogos_tres` (
  `id` int(11) NOT NULL,
  `num_um` int(11) NOT NULL,
  `num_dois` int(11) NOT NULL,
  `num_tres` int(11) NOT NULL,
  `num_quatro` int(11) NOT NULL,
  `num_cinco` int(11) NOT NULL,
  `num_seis` int(11) NOT NULL,
  `num_sete` int(11) NOT NULL,
  `num_oito` int(11) NOT NULL,
  `num_nove` int(11) NOT NULL,
  `num_dez` int(11) NOT NULL,
  `num_onze` int(11) NOT NULL,
  `num_doze` int(11) NOT NULL,
  `num_treze` int(11) NOT NULL,
  `num_quartoze` int(11) NOT NULL,
  `num_quinze` int(11) NOT NULL,
  `id_users` int(11) NOT NULL,
  `salvar` int(11) NOT NULL,
  `created_at` timestamp NOT NULL DEFAULT current_timestamp() ON UPDATE current_timestamp(),
  `codigo` varchar(125) COLLATE utf8_bin NOT NULL
) ENGINE=InnoDB DEFAULT CHARSET=utf8 COLLATE=utf8_bin;

--
-- Extraindo dados da tabela `temp_jogos_tres`
--

INSERT INTO `temp_jogos_tres` (`id`, `num_um`, `num_dois`, `num_tres`, `num_quatro`, `num_cinco`, `num_seis`, `num_sete`, `num_oito`, `num_nove`, `num_dez`, `num_onze`, `num_doze`, `num_treze`, `num_quartoze`, `num_quinze`, `id_users`, `salvar`, `created_at`, `codigo`) VALUES
(385, 2, 8, 10, 12, 16, 20, 7, 9, 13, 17, 21, 25, 5, 15, 3, 1, 0, '2020-07-19 18:53:50', 'W1VzJi87TyDdFgrmV'),
(386, 2, 8, 10, 12, 16, 20, 7, 9, 13, 17, 21, 25, 6, 18, 4, 1, 0, '2020-07-19 18:53:50', 'W1VzJi87TyDdFgrmV'),
(387, 2, 8, 10, 12, 16, 20, 7, 9, 13, 17, 21, 25, 11, 19, 5, 1, 0, '2020-07-19 18:53:50', 'W1VzJi87TyDdFgrmV'),
(388, 2, 8, 10, 12, 16, 20, 7, 9, 13, 17, 21, 25, 14, 22, 6, 1, 0, '2020-07-19 18:53:50', 'W1VzJi87TyDdFgrmV'),
(389, 2, 8, 10, 12, 16, 20, 7, 9, 13, 17, 21, 25, 15, 1, 11, 1, 0, '2020-07-19 18:53:50', 'W1VzJi87TyDdFgrmV'),
(390, 2, 8, 10, 12, 16, 20, 7, 9, 13, 17, 21, 25, 18, 3, 14, 1, 0, '2020-07-19 18:53:51', 'W1VzJi87TyDdFgrmV'),
(391, 2, 8, 10, 12, 16, 20, 7, 9, 13, 17, 21, 25, 19, 4, 15, 1, 0, '2020-07-19 18:53:51', 'W1VzJi87TyDdFgrmV'),
(392, 2, 8, 10, 12, 16, 20, 7, 9, 13, 17, 21, 25, 22, 5, 18, 1, 0, '2020-07-19 18:53:51', 'W1VzJi87TyDdFgrmV'),
(393, 2, 8, 10, 12, 16, 20, 7, 9, 13, 17, 21, 25, 1, 6, 19, 1, 0, '2020-07-19 18:53:51', 'W1VzJi87TyDdFgrmV'),
(394, 2, 8, 10, 12, 16, 20, 7, 9, 13, 17, 21, 25, 3, 11, 22, 1, 0, '2020-07-19 18:53:51', 'W1VzJi87TyDdFgrmV'),
(395, 2, 8, 10, 12, 16, 20, 7, 9, 13, 17, 21, 25, 4, 14, 1, 1, 0, '2020-07-19 18:53:51', 'W1VzJi87TyDdFgrmV'),
(396, 2, 8, 10, 12, 16, 20, 7, 9, 13, 17, 21, 25, 5, 15, 3, 1, 0, '2020-07-19 18:53:51', 'W1VzJi87TyDdFgrmV'),
(397, 2, 8, 10, 12, 16, 20, 7, 9, 13, 17, 21, 25, 6, 18, 4, 1, 0, '2020-07-19 18:53:51', 'W1VzJi87TyDdFgrmV');

-- --------------------------------------------------------

--
-- Estrutura da tabela `users`
--

CREATE TABLE `users` (
  `id` int(11) NOT NULL,
  `email` varchar(255) COLLATE utf8_bin NOT NULL,
  `name` varchar(126) COLLATE utf8_bin NOT NULL,
  `password` varchar(256) COLLATE utf8_bin NOT NULL,
  `created_at` timestamp NOT NULL DEFAULT current_timestamp() ON UPDATE current_timestamp()
) ENGINE=InnoDB DEFAULT CHARSET=utf8 COLLATE=utf8_bin;

--
-- Extraindo dados da tabela `users`
--

INSERT INTO `users` (`id`, `email`, `name`, `password`, `created_at`) VALUES
(1, 'admin@gmail.com', '', '', '2020-07-22 01:34:27'),
(2, 'Gabrieldonascimentoborges@gmail.com', 'Gabriel', '$2y$10$YYqvNE/RVfn.thNzTKaUE.T1OtO.ReWUCR0ebacEnVPiFkWQenj0G', '2020-07-22 01:37:17'),
(3, 'gabrieldonascimentoborges@gmail.com', 'gabriel', '12345678', '2020-07-25 00:04:03'),
(4, 'marcelonelsonoliverpereira@bol.br', 'Bacon', '$2y$10$Z7E34mjSPXaTVTRGEF5g1uLB.cL8Ata3amMJYkzWWeWxJlCNe5VVO', '2020-07-25 00:08:02'),
(5, 'gn4311509@gmail.com', 'gabriel teste', '$2y$10$X5fKjKUbLmQ2SUBLYILB9eYexGyRlP/rkJU9GeOv6e8wbSS8pJfHi', '2020-07-25 15:25:15'),
(6, 'asdfas@gmail.com', 'teste 1', '$2y$10$OFw3pS6iCHB5xfWL07idyuPC5D8wZnhgbuVF8VTlrkDjou6P.G1FO', '2020-07-25 15:34:20'),
(7, 'teste13@gmail.com', 'teste 13', '$2y$10$JI2yRYd7Iyxl6Gzz53O6Ge1uQV.aDhzQ32G9BR6BkaAlGiKV0ECLK', '2020-07-26 17:38:00'),
(11, 'admin123456@gmail.com', 'admin', '$2y$10$q1c5qHq4Lr1pJaOzp3BPMutUHlPiKia.sWv9T167h8LdkaXnOQIpK', '2020-07-26 20:44:54'),
(13, 'teste14@gmail.com', 'teste 14', '$2y$10$c762pZ83oMD8Bs.Df/CszeKSwrGIZ4Q3v.PERBcoRcRF9F/UK6onm', '2020-07-26 21:34:43');

--
-- Índices para tabelas despejadas
--

--
-- Índices para tabela `jogo_cinco`
--
ALTER TABLE `jogo_cinco`
  ADD PRIMARY KEY (`id`),
  ADD UNIQUE KEY `codigo` (`codigo`);

--
-- Índices para tabela `jogo_quatros`
--
ALTER TABLE `jogo_quatros`
  ADD PRIMARY KEY (`id`),
  ADD UNIQUE KEY `codigo` (`codigo`);

--
-- Índices para tabela `jogo_setes`
--
ALTER TABLE `jogo_setes`
  ADD PRIMARY KEY (`id`),
  ADD UNIQUE KEY `codigo` (`codigo`);

--
-- Índices para tabela `jogo_tress`
--
ALTER TABLE `jogo_tress`
  ADD PRIMARY KEY (`id`),
  ADD UNIQUE KEY `codigo_jogo` (`codigo_jogo`);

--
-- Índices para tabela `lotofacils`
--
ALTER TABLE `lotofacils`
  ADD PRIMARY KEY (`id`);

--
-- Índices para tabela `numeros`
--
ALTER TABLE `numeros`
  ADD PRIMARY KEY (`id`);

--
-- Índices para tabela `temp_jogos_cinco`
--
ALTER TABLE `temp_jogos_cinco`
  ADD PRIMARY KEY (`id`);

--
-- Índices para tabela `temp_jogos_quatro`
--
ALTER TABLE `temp_jogos_quatro`
  ADD PRIMARY KEY (`id`);

--
-- Índices para tabela `temp_jogos_sete`
--
ALTER TABLE `temp_jogos_sete`
  ADD PRIMARY KEY (`id`);

--
-- Índices para tabela `temp_jogos_tres`
--
ALTER TABLE `temp_jogos_tres`
  ADD PRIMARY KEY (`id`);

--
-- Índices para tabela `users`
--
ALTER TABLE `users`
  ADD PRIMARY KEY (`id`),
  ADD UNIQUE KEY `email` (`email`),
  ADD UNIQUE KEY `name` (`name`);

--
-- AUTO_INCREMENT de tabelas despejadas
--

--
-- AUTO_INCREMENT de tabela `jogo_cinco`
--
ALTER TABLE `jogo_cinco`
  MODIFY `id` int(11) NOT NULL AUTO_INCREMENT, AUTO_INCREMENT=44;

--
-- AUTO_INCREMENT de tabela `jogo_quatros`
--
ALTER TABLE `jogo_quatros`
  MODIFY `id` int(11) NOT NULL AUTO_INCREMENT, AUTO_INCREMENT=139;

--
-- AUTO_INCREMENT de tabela `jogo_setes`
--
ALTER TABLE `jogo_setes`
  MODIFY `id` int(11) NOT NULL AUTO_INCREMENT, AUTO_INCREMENT=18;

--
-- AUTO_INCREMENT de tabela `jogo_tress`
--
ALTER TABLE `jogo_tress`
  MODIFY `id` int(11) NOT NULL AUTO_INCREMENT, AUTO_INCREMENT=40;

--
-- AUTO_INCREMENT de tabela `lotofacils`
--
ALTER TABLE `lotofacils`
  MODIFY `id` int(11) NOT NULL AUTO_INCREMENT, AUTO_INCREMENT=51;

--
-- AUTO_INCREMENT de tabela `numeros`
--
ALTER TABLE `numeros`
  MODIFY `id` int(11) NOT NULL AUTO_INCREMENT, AUTO_INCREMENT=26;

--
-- AUTO_INCREMENT de tabela `temp_jogos_cinco`
--
ALTER TABLE `temp_jogos_cinco`
  MODIFY `id` int(11) NOT NULL AUTO_INCREMENT, AUTO_INCREMENT=801;

--
-- AUTO_INCREMENT de tabela `temp_jogos_quatro`
--
ALTER TABLE `temp_jogos_quatro`
  MODIFY `id` int(11) NOT NULL AUTO_INCREMENT, AUTO_INCREMENT=1176;

--
-- AUTO_INCREMENT de tabela `temp_jogos_sete`
--
ALTER TABLE `temp_jogos_sete`
  MODIFY `id` int(11) NOT NULL AUTO_INCREMENT, AUTO_INCREMENT=231;

--
-- AUTO_INCREMENT de tabela `temp_jogos_tres`
--
ALTER TABLE `temp_jogos_tres`
  MODIFY `id` int(11) NOT NULL AUTO_INCREMENT, AUTO_INCREMENT=398;

--
-- AUTO_INCREMENT de tabela `users`
--
ALTER TABLE `users`
  MODIFY `id` int(11) NOT NULL AUTO_INCREMENT, AUTO_INCREMENT=14;
COMMIT;

/*!40101 SET CHARACTER_SET_CLIENT=@OLD_CHARACTER_SET_CLIENT */;
/*!40101 SET CHARACTER_SET_RESULTS=@OLD_CHARACTER_SET_RESULTS */;
/*!40101 SET COLLATION_CONNECTION=@OLD_COLLATION_CONNECTION */;
